topic,post_count,timestamp
Global Issues,2,2026-07-19 03:39
Security & Terrorism,2,2026-07-19 03:39
Nuclear & Security Affairs,2,2026-07-19 03:39
Regional Conflicts,2,2026-07-19 03:39
Military & Defense,3,2026-07-19 03:39
Diplomacy & Relations,7,2026-07-19 03:39
International Affairs,7,2026-07-19 03:39
Security & Terrorism,2,2026-07-18 23:57
Social Media & Public Opinion,1,2026-07-18 23:57
Diplomacy & Relations,8,2026-07-18 23:57
International Affairs,6,2026-07-18 23:57
Military & Defense,2,2026-07-18 23:57
Regional Conflicts,2,2026-07-18 23:57
Nuclear & Security Affairs,2,2026-07-18 23:57
Global Issues,2,2026-07-18 23:57
Social Media & Public Opinion,1,2026-07-18 22:54
Security & Terrorism,2,2026-07-18 22:54
Diplomacy & Relations,8,2026-07-18 22:54
Global Issues,2,2026-07-18 22:54
Nuclear & Security Affairs,2,2026-07-18 22:54
Regional Conflicts,2,2026-07-18 22:54
Military & Defense,2,2026-07-18 22:54
International Affairs,6,2026-07-18 22:54
Social Media & Public Opinion,1,2026-07-18 21:54
Security & Terrorism,2,2026-07-18 21:54
International Affairs,6,2026-07-18 21:54
Diplomacy & Relations,8,2026-07-18 21:54
Nuclear & Security Affairs,2,2026-07-18 21:54
Military & Defense,2,2026-07-18 21:54
Regional Conflicts,2,2026-07-18 21:54
Global Issues,2,2026-07-18 21:54
Social Media & Public Opinion,1,2026-07-18 20:54
Diplomacy & Relations,10,2026-07-18 20:54
Security & Terrorism,2,2026-07-18 20:54
Global Issues,1,2026-07-18 20:54
International Affairs,6,2026-07-18 20:54
Regional Conflicts,2,2026-07-18 20:54
Military & Defense,2,2026-07-18 20:54
Nuclear & Security Affairs,1,2026-07-18 20:54
Global Issues,1,2026-07-18 19:52
Energy & Commodities,1,2026-07-18 19:52
Nuclear & Security Affairs,1,2026-07-18 19:52
International Affairs,5,2026-07-18 19:52
Military & Defense,2,2026-07-18 19:52
Diplomacy & Relations,10,2026-07-18 19:52
Social Media & Public Opinion,1,2026-07-18 19:52
Security & Terrorism,2,2026-07-18 19:52
Regional Conflicts,2,2026-07-18 19:52
Military & Defense,3,2026-07-18 18:38
Security & Terrorism,2,2026-07-18 18:38
Social Media & Public Opinion,1,2026-07-18 18:38
Global Issues,2,2026-07-18 18:38
Regional Conflicts,2,2026-07-18 18:38
Diplomacy & Relations,9,2026-07-18 18:38
Politics & Government,1,2026-07-18 18:38
International Affairs,4,2026-07-18 18:38
Energy & Commodities,1,2026-07-18 18:38
International Affairs,4,2026-07-18 17:41
Nuclear & Security Affairs,1,2026-07-18 17:41
Regional Conflicts,1,2026-07-18 17:41
Politics & Government,1,2026-07-18 17:41
Security & Terrorism,2,2026-07-18 17:41
Global Issues,3,2026-07-18 17:41
Military & Defense,2,2026-07-18 17:41
Diplomacy & Relations,9,2026-07-18 17:41
Energy & Commodities,1,2026-07-18 17:41
Social Media & Public Opinion,1,2026-07-18 17:41
Social Media & Public Opinion,1,2026-07-18 16:37
Security & Terrorism,3,2026-07-18 16:37
Energy & Commodities,1,2026-07-18 16:37
Nuclear & Security Affairs,1,2026-07-18 16:37
Global Issues,2,2026-07-18 16:37
Politics & Government,1,2026-07-18 16:37
Regional Conflicts,1,2026-07-18 16:37
Diplomacy & Relations,10,2026-07-18 16:37
International Affairs,4,2026-07-18 16:37
Military & Defense,1,2026-07-18 16:37
Diplomacy & Relations,10,2026-07-18 15:38
Politics & Government,1,2026-07-18 15:38
Social Media & Public Opinion,1,2026-07-18 15:38
Nuclear & Security Affairs,2,2026-07-18 15:38
Regional Conflicts,1,2026-07-18 15:38
International Affairs,4,2026-07-18 15:38
Global Issues,1,2026-07-18 15:38
Security & Terrorism,3,2026-07-18 15:38
Energy & Commodities,1,2026-07-18 15:38
Military & Defense,1,2026-07-18 15:38
Security & Terrorism,4,2026-07-18 14:10
Energy & Commodities,1,2026-07-18 14:10
Social Media & Public Opinion,2,2026-07-18 14:10
International Affairs,3,2026-07-18 14:10
Military & Defense,1,2026-07-18 14:10
Diplomacy & Relations,10,2026-07-18 14:10
Regional Conflicts,1,2026-07-18 14:10
Politics & Government,1,2026-07-18 14:10
Nuclear & Security Affairs,1,2026-07-18 14:10
Global Issues,1,2026-07-18 14:10
Diplomacy & Relations,11,2026-07-18 12:39
Social Media & Public Opinion,1,2026-07-18 12:39
Military & Defense,2,2026-07-18 12:39
Politics & Government,2,2026-07-18 12:39
Energy & Commodities,1,2026-07-18 12:39
Regional Conflicts,1,2026-07-18 12:39
International Affairs,3,2026-07-18 12:39
Global Issues,1,2026-07-18 12:39
Security & Terrorism,3,2026-07-18 12:39
International Affairs,3,2026-07-18 11:37
Security & Terrorism,4,2026-07-18 11:37
Diplomacy & Relations,11,2026-07-18 11:37
Social Media & Public Opinion,1,2026-07-18 11:37
Energy & Commodities,1,2026-07-18 11:37
Regional Conflicts,1,2026-07-18 11:37
Military & Defense,2,2026-07-18 11:37
Politics & Government,2,2026-07-18 11:37
Diplomacy & Relations,10,2026-07-18 10:04
Military & Defense,3,2026-07-18 10:04
Politics & Government,2,2026-07-18 10:04
Energy & Commodities,1,2026-07-18 10:04
International Affairs,3,2026-07-18 10:04
Security & Terrorism,4,2026-07-18 10:04
Regional Conflicts,1,2026-07-18 10:04
Social Media & Public Opinion,1,2026-07-18 10:04
International Affairs,4,2026-07-18 08:27
Social Media & Public Opinion,1,2026-07-18 08:27
Energy & Commodities,1,2026-07-18 08:27
Military & Defense,3,2026-07-18 08:27
Regional Conflicts,1,2026-07-18 08:27
Diplomacy & Relations,9,2026-07-18 08:27
Security & Terrorism,4,2026-07-18 08:27
Politics & Government,2,2026-07-18 08:27
Global Issues,1,2026-07-18 06:33
International Affairs,4,2026-07-18 06:33
Security & Terrorism,4,2026-07-18 06:33
Military & Defense,4,2026-07-18 06:33
Regional Conflicts,1,2026-07-18 06:33
Politics & Government,2,2026-07-18 06:33
Diplomacy & Relations,8,2026-07-18 06:33
Social Media & Public Opinion,1,2026-07-18 06:33
Social Media & Public Opinion,1,2026-07-18 04:32
Politics & Government,2,2026-07-18 04:32
Military & Defense,4,2026-07-18 04:32
International Affairs,4,2026-07-18 04:32
Nuclear & Security Affairs,1,2026-07-18 04:32
Regional Conflicts,1,2026-07-18 04:32
Security & Terrorism,4,2026-07-18 04:32
Diplomacy & Relations,8,2026-07-18 04:32
Military & Defense,3,2026-07-18 01:07
Diplomacy & Relations,9,2026-07-18 01:07
Social Media & Public Opinion,2,2026-07-18 01:07
Regional Conflicts,1,2026-07-18 01:07
Politics & Government,2,2026-07-18 01:07
International Affairs,3,2026-07-18 01:07
Security & Terrorism,4,2026-07-18 01:07
Nuclear & Security Affairs,1,2026-07-18 01:07
Regional Conflicts,1,2026-07-17 23:36
Global Issues,1,2026-07-17 23:36
Social Media & Public Opinion,2,2026-07-17 23:36
Security & Terrorism,3,2026-07-17 23:36
Diplomacy & Relations,9,2026-07-17 23:36
Politics & Government,3,2026-07-17 23:36
Military & Defense,3,2026-07-17 23:36
International Affairs,3,2026-07-17 23:36
International Affairs,3,2026-07-17 22:33
Global Issues,2,2026-07-17 22:33
Social Media & Public Opinion,2,2026-07-17 22:33
Diplomacy & Relations,9,2026-07-17 22:33
Politics & Government,3,2026-07-17 22:33
Military & Defense,3,2026-07-17 22:33
Security & Terrorism,3,2026-07-17 22:33
Diplomacy & Relations,10,2026-07-17 21:35
Military & Defense,3,2026-07-17 21:35
Global Issues,1,2026-07-17 21:35
Security & Terrorism,3,2026-07-17 21:35
Politics & Government,3,2026-07-17 21:35
Social Media & Public Opinion,2,2026-07-17 21:35
International Affairs,3,2026-07-17 21:35
Security & Terrorism,3,2026-07-17 20:35
Social Media & Public Opinion,2,2026-07-17 20:35
Diplomacy & Relations,9,2026-07-17 20:35
International Affairs,4,2026-07-17 20:35
Military & Defense,3,2026-07-17 20:35
Politics & Government,3,2026-07-17 20:35
Global Issues,1,2026-07-17 20:35
Politics & Government,3,2026-07-17 19:16
Regional Conflicts,2,2026-07-17 19:16
Diplomacy & Relations,8,2026-07-17 19:16
Social Media & Public Opinion,2,2026-07-17 19:16
Military & Defense,3,2026-07-17 19:16
Global Issues,1,2026-07-17 19:16
International Affairs,4,2026-07-17 19:16
Security & Terrorism,2,2026-07-17 19:16
Politics & Government,2,2026-07-17 17:47
Regional Conflicts,2,2026-07-17 17:47
Social Media & Public Opinion,2,2026-07-17 17:47
Security & Terrorism,2,2026-07-17 17:47
Military & Defense,3,2026-07-17 17:47
Energy & Commodities,1,2026-07-17 17:47
Global Issues,1,2026-07-17 17:47
Diplomacy & Relations,8,2026-07-17 17:47
International Affairs,4,2026-07-17 17:47
Energy & Commodities,1,2026-07-17 16:17
International Affairs,4,2026-07-17 16:17
Diplomacy & Relations,7,2026-07-17 16:17
Military & Defense,3,2026-07-17 16:17
Regional Conflicts,3,2026-07-17 16:17
Security & Terrorism,2,2026-07-17 16:17
Global Issues,1,2026-07-17 16:17
Politics & Government,2,2026-07-17 16:17
Social Media & Public Opinion,2,2026-07-17 16:17
Social Media & Public Opinion,2,2026-07-17 14:46
Energy & Commodities,1,2026-07-17 14:46
Security & Terrorism,2,2026-07-17 14:46
Global Issues,1,2026-07-17 14:46
Diplomacy & Relations,5,2026-07-17 14:46
International Affairs,7,2026-07-17 14:46
Regional Conflicts,2,2026-07-17 14:46
Politics & Government,2,2026-07-17 14:46
Military & Defense,3,2026-07-17 14:46
Politics & Government,2,2026-07-17 12:48
Global Issues,2,2026-07-17 12:48
Diplomacy & Relations,7,2026-07-17 12:48
Energy & Commodities,2,2026-07-17 12:48
Military & Defense,2,2026-07-17 12:48
Security & Terrorism,2,2026-07-17 12:48
International Affairs,5,2026-07-17 12:48
Regional Conflicts,2,2026-07-17 12:48
Social Media & Public Opinion,1,2026-07-17 12:48
Diplomacy & Relations,8,2026-07-17 11:09
Military & Defense,1,2026-07-17 11:09
Social Media & Public Opinion,1,2026-07-17 11:09
Global Issues,2,2026-07-17 11:09
Regional Conflicts,2,2026-07-17 11:09
Security & Terrorism,1,2026-07-17 11:09
International Affairs,6,2026-07-17 11:09
Energy & Commodities,2,2026-07-17 11:09
Politics & Government,2,2026-07-17 11:09
Global Issues,2,2026-07-17 09:30
Politics & Government,3,2026-07-17 09:30
Energy & Commodities,1,2026-07-17 09:30
Social Media & Public Opinion,1,2026-07-17 09:30
Nuclear & Security Affairs,1,2026-07-17 09:30
Military & Defense,1,2026-07-17 09:30
Diplomacy & Relations,8,2026-07-17 09:30
International Affairs,5,2026-07-17 09:30
Security & Terrorism,1,2026-07-17 09:30
Regional Conflicts,2,2026-07-17 09:30
Social Media & Public Opinion,1,2026-07-17 07:20
Global Issues,2,2026-07-17 07:20
Diplomacy & Relations,10,2026-07-17 07:20
Politics & Government,3,2026-07-17 07:20
International Affairs,5,2026-07-17 07:20
Nuclear & Security Affairs,1,2026-07-17 07:20
Energy & Commodities,1,2026-07-17 07:20
Regional Conflicts,2,2026-07-17 07:20
International Affairs,5,2026-07-17 04:47
Social Media & Public Opinion,1,2026-07-17 04:47
Regional Conflicts,1,2026-07-17 04:47
Politics & Government,3,2026-07-17 04:47
Global Issues,2,2026-07-17 04:47
Diplomacy & Relations,11,2026-07-17 04:47
Energy & Commodities,1,2026-07-17 04:47
Nuclear & Security Affairs,1,2026-07-17 04:47
Energy & Commodities,1,2026-07-17 01:12
Diplomacy & Relations,11,2026-07-17 01:12
Military & Defense,1,2026-07-17 01:12
Nuclear & Security Affairs,1,2026-07-17 01:12
Regional Conflicts,1,2026-07-17 01:12
International Affairs,5,2026-07-17 01:12
Politics & Government,4,2026-07-17 01:12
Global Issues,1,2026-07-17 01:12
Diplomacy & Relations,11,2026-07-16 23:39
Military & Defense,2,2026-07-16 23:39
Nuclear & Security Affairs,1,2026-07-16 23:39
International Affairs,5,2026-07-16 23:39
Global Issues,1,2026-07-16 23:39
Politics & Government,5,2026-07-16 23:39
International Affairs,5,2026-07-16 22:39
Nuclear & Security Affairs,1,2026-07-16 22:39
Military & Defense,2,2026-07-16 22:39
Politics & Government,5,2026-07-16 22:39
Global Issues,1,2026-07-16 22:39
Diplomacy & Relations,11,2026-07-16 22:39
International Affairs,5,2026-07-16 21:04
Security & Terrorism,1,2026-07-16 21:04
Nuclear & Security Affairs,1,2026-07-16 21:04
Politics & Government,4,2026-07-16 21:04
Diplomacy & Relations,11,2026-07-16 21:04
Military & Defense,2,2026-07-16 21:04
Global Issues,1,2026-07-16 21:04
Security & Terrorism,1,2026-07-16 19:47
Energy & Commodities,1,2026-07-16 19:47
International Affairs,5,2026-07-16 19:47
Diplomacy & Relations,9,2026-07-16 19:47
Military & Defense,2,2026-07-16 19:47
Nuclear & Security Affairs,1,2026-07-16 19:47
Global Issues,1,2026-07-16 19:47
Politics & Government,5,2026-07-16 19:47
Military & Defense,4,2026-07-16 18:09
Energy & Commodities,3,2026-07-16 18:09
Social Media & Public Opinion,2,2026-07-16 18:09
Politics & Government,6,2026-07-16 18:09
Global Issues,1,2026-07-16 18:09
Nuclear & Security Affairs,1,2026-07-16 18:09
Diplomacy & Relations,19,2026-07-16 18:09
Security & Terrorism,2,2026-07-16 18:09
International Affairs,8,2026-07-16 18:09
Regional Conflicts,4,2026-07-16 18:09
Politics & Government,4,2026-07-16 16:53
Energy & Commodities,1,2026-07-16 16:53
Military & Defense,2,2026-07-16 16:53
Diplomacy & Relations,9,2026-07-16 16:53
Nuclear & Security Affairs,1,2026-07-16 16:53
International Affairs,6,2026-07-16 16:53
Security & Terrorism,2,2026-07-16 16:53
Diplomacy & Relations,9,2026-07-16 15:20
Military & Defense,3,2026-07-16 15:20
Nuclear & Security Affairs,1,2026-07-16 15:20
International Affairs,6,2026-07-16 15:20
Politics & Government,4,2026-07-16 15:20
Security & Terrorism,1,2026-07-16 15:20
Energy & Commodities,1,2026-07-16 15:20
Regional Conflicts,1,2026-07-16 13:07
Nuclear & Security Affairs,1,2026-07-16 13:07
Military & Defense,3,2026-07-16 13:07
Politics & Government,3,2026-07-16 13:07
Diplomacy & Relations,9,2026-07-16 13:07
Security & Terrorism,1,2026-07-16 13:07
Energy & Commodities,1,2026-07-16 13:07
International Affairs,6,2026-07-16 13:07
Regional Conflicts,2,2026-07-16 11:43
Security & Terrorism,3,2026-07-16 11:43
Social Media & Public Opinion,2,2026-07-16 11:43
Nuclear & Security Affairs,3,2026-07-16 11:43
International Affairs,11,2026-07-16 11:43
Politics & Government,5,2026-07-16 11:43
Military & Defense,5,2026-07-16 11:43
Diplomacy & Relations,18,2026-07-16 11:43
Energy & Commodities,1,2026-07-16 11:43
Energy & Commodities,1,2026-07-16 09:49
Politics & Government,2,2026-07-16 09:49
Nuclear & Security Affairs,1,2026-07-16 09:49
Security & Terrorism,1,2026-07-16 09:49
International Affairs,6,2026-07-16 09:49
Regional Conflicts,1,2026-07-16 09:49
Military & Defense,4,2026-07-16 09:49
Diplomacy & Relations,9,2026-07-16 09:49
Diplomacy & Relations,7,2026-07-16 07:10
Military & Defense,5,2026-07-16 07:10
Energy & Commodities,2,2026-07-16 07:10
Security & Terrorism,1,2026-07-16 07:10
Regional Conflicts,2,2026-07-16 07:10
International Affairs,6,2026-07-16 07:10
Politics & Government,1,2026-07-16 07:10
Nuclear & Security Affairs,1,2026-07-16 07:10
Regional Conflicts,1,2026-07-16 04:44
Military & Defense,4,2026-07-16 04:44
Energy & Commodities,2,2026-07-16 04:44
Nuclear & Security Affairs,1,2026-07-16 04:44
Diplomacy & Relations,9,2026-07-16 04:44
International Affairs,7,2026-07-16 04:44
Politics & Government,1,2026-07-16 04:44
Energy & Commodities,2,2026-07-16 01:10
Military & Defense,4,2026-07-16 01:10
International Affairs,6,2026-07-16 01:10
Diplomacy & Relations,8,2026-07-16 01:10
Regional Conflicts,1,2026-07-16 01:10
Security & Terrorism,1,2026-07-16 01:10
Nuclear & Security Affairs,1,2026-07-16 01:10
Global Issues,2,2026-07-16 01:10
Regional Conflicts,1,2026-07-15 23:42
Global Issues,2,2026-07-15 23:42
Energy & Commodities,1,2026-07-15 23:42
Military & Defense,4,2026-07-15 23:42
Diplomacy & Relations,7,2026-07-15 23:42
International Affairs,8,2026-07-15 23:42
Security & Terrorism,1,2026-07-15 23:42
Nuclear & Security Affairs,1,2026-07-15 23:42
Security & Terrorism,1,2026-07-15 22:41
Energy & Commodities,1,2026-07-15 22:41
International Affairs,10,2026-07-15 22:41
Military & Defense,4,2026-07-15 22:41
Diplomacy & Relations,6,2026-07-15 22:41
Regional Conflicts,1,2026-07-15 22:41
Global Issues,2,2026-07-15 22:41
International Affairs,9,2026-07-15 21:41
Military & Defense,4,2026-07-15 21:41
Energy & Commodities,1,2026-07-15 21:41
Security & Terrorism,1,2026-07-15 21:41
Global Issues,2,2026-07-15 21:41
Diplomacy & Relations,6,2026-07-15 21:41
Regional Conflicts,2,2026-07-15 21:41
Regional Conflicts,1,2026-07-15 20:42
Global Issues,2,2026-07-15 20:42
International Affairs,10,2026-07-15 20:42
Military & Defense,4,2026-07-15 20:42
Energy & Commodities,1,2026-07-15 20:42
Diplomacy & Relations,6,2026-07-15 20:42
Security & Terrorism,1,2026-07-15 20:42
Regional Conflicts,2,2026-07-15 19:20
Military & Defense,7,2026-07-15 19:20
Politics & Government,5,2026-07-15 19:20
Diplomacy & Relations,29,2026-07-15 19:20
Nuclear & Security Affairs,3,2026-07-15 19:20
International Affairs,13,2026-07-15 19:20
Social Media & Public Opinion,2,2026-07-15 19:20
Energy & Commodities,4,2026-07-15 19:20
Security & Terrorism,3,2026-07-15 19:20
Global Issues,7,2026-07-15 19:20
International Affairs,13,2026-07-15 17:55
Military & Defense,3,2026-07-15 17:55
Security & Terrorism,1,2026-07-15 17:55
Regional Conflicts,1,2026-07-15 17:55
Energy & Commodities,1,2026-07-15 17:55
Diplomacy & Relations,4,2026-07-15 17:55
Global Issues,2,2026-07-15 17:55
Regional Conflicts,1,2026-07-15 16:40
Diplomacy & Relations,5,2026-07-15 16:40
Security & Terrorism,1,2026-07-15 16:40
Global Issues,2,2026-07-15 16:40
Military & Defense,4,2026-07-15 16:40
International Affairs,11,2026-07-15 16:40
Energy & Commodities,1,2026-07-15 16:40
Military & Defense,3,2026-07-15 14:58
Politics & Government,1,2026-07-15 14:58
Global Issues,2,2026-07-15 14:58
Security & Terrorism,1,2026-07-15 14:58
International Affairs,12,2026-07-15 14:58
Diplomacy & Relations,5,2026-07-15 14:58
Regional Conflicts,1,2026-07-15 14:58
Military & Defense,2,2026-07-15 12:58
Diplomacy & Relations,6,2026-07-15 12:58
International Affairs,12,2026-07-15 12:58
Global Issues,1,2026-07-15 12:58
Energy & Commodities,1,2026-07-15 12:58
Politics & Government,1,2026-07-15 12:58
Security & Terrorism,1,2026-07-15 12:58
Regional Conflicts,1,2026-07-15 12:58
Regional Conflicts,1,2026-07-15 11:15
International Affairs,9,2026-07-15 11:15
Diplomacy & Relations,9,2026-07-15 11:15
Politics & Government,1,2026-07-15 11:15
Energy & Commodities,1,2026-07-15 11:15
Global Issues,1,2026-07-15 11:15
Military & Defense,3,2026-07-15 11:15
Global Issues,1,2026-07-15 09:18
Energy & Commodities,1,2026-07-15 09:18
International Affairs,9,2026-07-15 09:18
Diplomacy & Relations,11,2026-07-15 09:18
Security & Terrorism,1,2026-07-15 09:18
Politics & Government,1,2026-07-15 09:18
Military & Defense,1,2026-07-15 09:18
Diplomacy & Relations,9,2026-07-15 07:00
Social Media & Public Opinion,1,2026-07-15 07:00
Global Issues,2,2026-07-15 07:00
Politics & Government,1,2026-07-15 07:00
Security & Terrorism,1,2026-07-15 07:00
Military & Defense,1,2026-07-15 07:00
Energy & Commodities,2,2026-07-15 07:00
Regional Conflicts,1,2026-07-15 07:00
International Affairs,7,2026-07-15 07:00
Regional Conflicts,1,2026-07-15 04:34
Global Issues,2,2026-07-15 04:34
Diplomacy & Relations,9,2026-07-15 04:34
Energy & Commodities,3,2026-07-15 04:34
Military & Defense,1,2026-07-15 04:34
Politics & Government,1,2026-07-15 04:34
International Affairs,5,2026-07-15 04:34
Social Media & Public Opinion,1,2026-07-15 04:34
Security & Terrorism,2,2026-07-15 04:34
Military & Defense,1,2026-07-15 01:01
Politics & Government,1,2026-07-15 01:01
Regional Conflicts,1,2026-07-15 01:01
Global Issues,2,2026-07-15 01:01
Diplomacy & Relations,9,2026-07-15 01:01
International Affairs,7,2026-07-15 01:01
Energy & Commodities,2,2026-07-15 01:01
Security & Terrorism,2,2026-07-15 01:01
Politics & Government,2,2026-07-14 23:35
Global Issues,2,2026-07-14 23:35
Energy & Commodities,2,2026-07-14 23:35
Security & Terrorism,2,2026-07-14 23:35
Regional Conflicts,1,2026-07-14 23:35
Diplomacy & Relations,9,2026-07-14 23:35
International Affairs,6,2026-07-14 23:35
Military & Defense,1,2026-07-14 23:35
Energy & Commodities,2,2026-07-14 22:41
Regional Conflicts,1,2026-07-14 22:41
Military & Defense,1,2026-07-14 22:41
Diplomacy & Relations,9,2026-07-14 22:41
International Affairs,6,2026-07-14 22:41
Security & Terrorism,2,2026-07-14 22:41
Global Issues,3,2026-07-14 22:41
Politics & Government,1,2026-07-14 22:41
Global Issues,2,2026-07-14 21:41
Energy & Commodities,2,2026-07-14 21:41
International Affairs,6,2026-07-14 21:41
Regional Conflicts,2,2026-07-14 21:41
Security & Terrorism,2,2026-07-14 21:41
Diplomacy & Relations,9,2026-07-14 21:41
Military & Defense,1,2026-07-14 21:41
Politics & Government,1,2026-07-14 21:41
Energy & Commodities,3,2026-07-14 20:44
International Affairs,6,2026-07-14 20:44
Global Issues,2,2026-07-14 20:44
Diplomacy & Relations,8,2026-07-14 20:44
Regional Conflicts,2,2026-07-14 20:44
Security & Terrorism,3,2026-07-14 20:44
Military & Defense,1,2026-07-14 20:44
Energy & Commodities,4,2026-07-14 19:24
International Affairs,6,2026-07-14 19:24
Social Media & Public Opinion,1,2026-07-14 19:24
Regional Conflicts,2,2026-07-14 19:24
Diplomacy & Relations,6,2026-07-14 19:24
Military & Defense,1,2026-07-14 19:24
Global Issues,2,2026-07-14 19:24
Security & Terrorism,3,2026-07-14 19:24
Diplomacy & Relations,8,2026-07-14 17:48
Security & Terrorism,3,2026-07-14 17:48
International Affairs,5,2026-07-14 17:48
Regional Conflicts,1,2026-07-14 17:48
Energy & Commodities,3,2026-07-14 17:48
Social Media & Public Opinion,1,2026-07-14 17:48
Military & Defense,2,2026-07-14 17:48
Global Issues,2,2026-07-14 17:48
Energy & Commodities,1,2026-07-14 16:20
International Affairs,7,2026-07-14 16:20
Global Issues,3,2026-07-14 16:20
Military & Defense,1,2026-07-14 16:20
Regional Conflicts,1,2026-07-14 16:20
Diplomacy & Relations,8,2026-07-14 16:20
Security & Terrorism,3,2026-07-14 16:20
Social Media & Public Opinion,1,2026-07-14 16:20
Security & Terrorism,3,2026-07-14 14:56
Social Media & Public Opinion,1,2026-07-14 14:56
International Affairs,6,2026-07-14 14:56
Global Issues,3,2026-07-14 14:56
Military & Defense,2,2026-07-14 14:56
Energy & Commodities,1,2026-07-14 14:56
Regional Conflicts,2,2026-07-14 14:56
Diplomacy & Relations,7,2026-07-14 14:56
International Affairs,8,2026-07-14 12:52
Military & Defense,2,2026-07-14 12:52
Social Media & Public Opinion,1,2026-07-14 12:52
Regional Conflicts,2,2026-07-14 12:52
Global Issues,2,2026-07-14 12:52
Diplomacy & Relations,6,2026-07-14 12:52
Energy & Commodities,2,2026-07-14 12:52
Security & Terrorism,2,2026-07-14 12:52
Global Issues,2,2026-07-14 11:12
Social Media & Public Opinion,1,2026-07-14 11:12
Security & Terrorism,1,2026-07-14 11:12
Energy & Commodities,2,2026-07-14 11:12
Diplomacy & Relations,6,2026-07-14 11:12
International Affairs,9,2026-07-14 11:12
Regional Conflicts,2,2026-07-14 11:12
Military & Defense,2,2026-07-14 11:12
Security & Terrorism,2,2026-07-14 09:11
Energy & Commodities,2,2026-07-14 09:11
Military & Defense,2,2026-07-14 09:11
Diplomacy & Relations,7,2026-07-14 09:11
Regional Conflicts,3,2026-07-14 09:11
Social Media & Public Opinion,1,2026-07-14 09:11
Nuclear & Security Affairs,1,2026-07-14 09:11
International Affairs,5,2026-07-14 09:11
Global Issues,2,2026-07-14 09:11
Nuclear & Security Affairs,1,2026-07-14 06:57
Military & Defense,1,2026-07-14 06:57
Energy & Commodities,2,2026-07-14 06:57
Global Issues,1,2026-07-14 06:57
International Affairs,6,2026-07-14 06:57
Security & Terrorism,2,2026-07-14 06:57
Regional Conflicts,2,2026-07-14 06:57
Diplomacy & Relations,9,2026-07-14 06:57
Social Media & Public Opinion,1,2026-07-14 06:57
Global Issues,1,2026-07-14 04:34
Diplomacy & Relations,8,2026-07-14 04:34
Military & Defense,1,2026-07-14 04:34
International Affairs,6,2026-07-14 04:34
Regional Conflicts,3,2026-07-14 04:34
Social Media & Public Opinion,1,2026-07-14 04:34
Energy & Commodities,2,2026-07-14 04:34
Security & Terrorism,2,2026-07-14 04:34
Nuclear & Security Affairs,1,2026-07-14 04:34
Military & Defense,1,2026-07-14 01:04
Regional Conflicts,2,2026-07-14 01:04
Energy & Commodities,2,2026-07-14 01:04
Nuclear & Security Affairs,1,2026-07-14 01:04
Diplomacy & Relations,9,2026-07-14 01:04
International Affairs,6,2026-07-14 01:04
Security & Terrorism,1,2026-07-14 01:04
Social Media & Public Opinion,3,2026-07-14 01:04
Regional Conflicts,1,2026-07-13 23:37
Politics & Government,1,2026-07-13 23:37
Diplomacy & Relations,8,2026-07-13 23:37
Security & Terrorism,2,2026-07-13 23:37
Nuclear & Security Affairs,1,2026-07-13 23:37
Energy & Commodities,1,2026-07-13 23:37
International Affairs,6,2026-07-13 23:37
Military & Defense,2,2026-07-13 23:37
Social Media & Public Opinion,3,2026-07-13 23:37
International Affairs,6,2026-07-13 22:39
Security & Terrorism,2,2026-07-13 22:39
Nuclear & Security Affairs,1,2026-07-13 22:39
Politics & Government,1,2026-07-13 22:39
Energy & Commodities,1,2026-07-13 22:39
Social Media & Public Opinion,3,2026-07-13 22:39
Regional Conflicts,1,2026-07-13 22:39
Diplomacy & Relations,8,2026-07-13 22:39
Military & Defense,2,2026-07-13 22:39
Military & Defense,1,2026-07-13 21:36
Regional Conflicts,1,2026-07-13 21:36
Security & Terrorism,2,2026-07-13 21:36
Diplomacy & Relations,9,2026-07-13 21:36
Social Media & Public Opinion,3,2026-07-13 21:36
Nuclear & Security Affairs,1,2026-07-13 21:36
Energy & Commodities,1,2026-07-13 21:36
International Affairs,7,2026-07-13 21:36
Energy & Commodities,1,2026-07-13 20:03
Regional Conflicts,1,2026-07-13 20:03
Social Media & Public Opinion,3,2026-07-13 20:03
Military & Defense,1,2026-07-13 20:03
Diplomacy & Relations,9,2026-07-13 20:03
Nuclear & Security Affairs,1,2026-07-13 20:03
International Affairs,7,2026-07-13 20:03
Security & Terrorism,2,2026-07-13 20:03
Security & Terrorism,1,2026-07-13 18:22
Global Issues,1,2026-07-13 18:22
Regional Conflicts,1,2026-07-13 18:22
International Affairs,8,2026-07-13 18:22
Military & Defense,2,2026-07-13 18:22
Social Media & Public Opinion,4,2026-07-13 18:22
Diplomacy & Relations,7,2026-07-13 18:22
Energy & Commodities,1,2026-07-13 18:22
Social Media & Public Opinion,2,2026-07-13 16:14
Security & Terrorism,2,2026-07-13 16:14
International Affairs,9,2026-07-13 16:14
Global Issues,1,2026-07-13 16:14
Regional Conflicts,1,2026-07-13 16:14
Diplomacy & Relations,7,2026-07-13 16:14
Military & Defense,3,2026-07-13 16:14
Military & Defense,2,2026-07-13 13:07
Diplomacy & Relations,5,2026-07-13 13:07
Social Media & Public Opinion,2,2026-07-13 13:07
Nuclear & Security Affairs,1,2026-07-13 13:07
International Affairs,9,2026-07-13 13:07
Global Issues,1,2026-07-13 13:07
Security & Terrorism,3,2026-07-13 13:07
Regional Conflicts,2,2026-07-13 13:07
Energy & Commodities,2,2026-07-13 10:42
International Affairs,6,2026-07-13 10:42
Global Issues,1,2026-07-13 10:42
Nuclear & Security Affairs,1,2026-07-13 10:42
Diplomacy & Relations,8,2026-07-13 10:42
Regional Conflicts,1,2026-07-13 10:42
Military & Defense,4,2026-07-13 10:42
Security & Terrorism,2,2026-07-13 10:42
Energy & Commodities,2,2026-07-13 07:24
Regional Conflicts,1,2026-07-13 07:24
Diplomacy & Relations,7,2026-07-13 07:24
Security & Terrorism,2,2026-07-13 07:24
Military & Defense,3,2026-07-13 07:24
Global Issues,2,2026-07-13 07:24
Nuclear & Security Affairs,1,2026-07-13 07:24
International Affairs,7,2026-07-13 07:24
Diplomacy & Relations,24,2026-07-13 03:50
Security & Terrorism,4,2026-07-13 03:50
Energy & Commodities,2,2026-07-13 03:50
Military & Defense,5,2026-07-13 03:50
International Affairs,6,2026-07-13 03:50
Nuclear & Security Affairs,1,2026-07-13 03:50
Global Issues,2,2026-07-13 03:50
Politics & Government,2,2026-07-13 03:50
Regional Conflicts,2,2026-07-13 03:50
Social Media & Public Opinion,2,2026-07-13 03:50
Global Issues,2,2026-07-12 23:59
Military & Defense,3,2026-07-12 23:59
Diplomacy & Relations,10,2026-07-12 23:59
Security & Terrorism,2,2026-07-12 23:59
International Affairs,4,2026-07-12 23:59
Regional Conflicts,2,2026-07-12 23:59
Energy & Commodities,2,2026-07-12 23:59
Global Issues,2,2026-07-12 22:55
Diplomacy & Relations,11,2026-07-12 22:55
Military & Defense,2,2026-07-12 22:55
Security & Terrorism,2,2026-07-12 22:55
International Affairs,4,2026-07-12 22:55
Regional Conflicts,2,2026-07-12 22:55
Energy & Commodities,2,2026-07-12 22:55
Security & Terrorism,4,2026-07-12 21:56
Diplomacy & Relations,25,2026-07-12 21:56
Social Media & Public Opinion,2,2026-07-12 21:56
Military & Defense,5,2026-07-12 21:56
Energy & Commodities,2,2026-07-12 21:56
Global Issues,1,2026-07-12 21:56
Politics & Government,2,2026-07-12 21:56
Regional Conflicts,2,2026-07-12 21:56
Nuclear & Security Affairs,1,2026-07-12 21:56
International Affairs,6,2026-07-12 21:56
Security & Terrorism,3,2026-07-12 20:55
Energy & Commodities,12,2026-07-12 20:55
Diplomacy & Relations,15,2026-07-12 20:55
Nuclear & Security Affairs,2,2026-07-12 20:55
Politics & Government,2,2026-07-12 20:55
Military & Defense,8,2026-07-12 20:55
International Affairs,6,2026-07-12 20:55
Global Issues,1,2026-07-12 20:55
Regional Conflicts,1,2026-07-12 20:55
Nuclear & Security Affairs,1,2026-07-12 19:53
Security & Terrorism,1,2026-07-12 19:53
Military & Defense,3,2026-07-12 19:53
Global Issues,1,2026-07-12 19:53
Energy & Commodities,2,2026-07-12 19:53
International Affairs,5,2026-07-12 19:53
Regional Conflicts,1,2026-07-12 19:53
Diplomacy & Relations,11,2026-07-12 19:53
Regional Conflicts,1,2026-07-12 18:39
Energy & Commodities,2,2026-07-12 18:39
Security & Terrorism,1,2026-07-12 18:39
Global Issues,1,2026-07-12 18:39
Nuclear & Security Affairs,1,2026-07-12 18:39
Diplomacy & Relations,11,2026-07-12 18:39
Military & Defense,3,2026-07-12 18:39
International Affairs,5,2026-07-12 18:39
Global Issues,2,2026-07-12 17:43
Regional Conflicts,1,2026-07-12 17:43
Security & Terrorism,1,2026-07-12 17:43
Diplomacy & Relations,11,2026-07-12 17:43
Military & Defense,3,2026-07-12 17:43
International Affairs,5,2026-07-12 17:43
Energy & Commodities,1,2026-07-12 17:43
Nuclear & Security Affairs,1,2026-07-12 17:43
Nuclear & Security Affairs,1,2026-07-12 16:37
Military & Defense,3,2026-07-12 16:37
Regional Conflicts,1,2026-07-12 16:37
Security & Terrorism,1,2026-07-12 16:37
Global Issues,2,2026-07-12 16:37
Diplomacy & Relations,11,2026-07-12 16:37
International Affairs,5,2026-07-12 16:37
Energy & Commodities,1,2026-07-12 16:37
Security & Terrorism,1,2026-07-12 15:42
Nuclear & Security Affairs,1,2026-07-12 15:42
Global Issues,2,2026-07-12 15:42
Regional Conflicts,1,2026-07-12 15:42
Military & Defense,3,2026-07-12 15:42
International Affairs,5,2026-07-12 15:42
Diplomacy & Relations,12,2026-07-12 15:42
Regional Conflicts,1,2026-07-12 14:16
Military & Defense,3,2026-07-12 14:16
Global Issues,2,2026-07-12 14:16
Energy & Commodities,1,2026-07-12 14:16
Security & Terrorism,1,2026-07-12 14:16
Diplomacy & Relations,10,2026-07-12 14:16
International Affairs,7,2026-07-12 14:16
Regional Conflicts,2,2026-07-12 12:41
Global Issues,3,2026-07-12 12:41
Diplomacy & Relations,8,2026-07-12 12:41
Politics & Government,1,2026-07-12 12:41
International Affairs,7,2026-07-12 12:41
Military & Defense,1,2026-07-12 12:41
Energy & Commodities,1,2026-07-12 12:41
Security & Terrorism,2,2026-07-12 12:41
Energy & Commodities,1,2026-07-12 11:44
Security & Terrorism,2,2026-07-12 11:44
Diplomacy & Relations,8,2026-07-12 11:44
Regional Conflicts,3,2026-07-12 11:44
Military & Defense,1,2026-07-12 11:44
Global Issues,3,2026-07-12 11:44
International Affairs,6,2026-07-12 11:44
Politics & Government,1,2026-07-12 11:44
Regional Conflicts,2,2026-07-12 10:38
Military & Defense,1,2026-07-12 10:38
Security & Terrorism,3,2026-07-12 10:38
Diplomacy & Relations,9,2026-07-12 10:38
Politics & Government,1,2026-07-12 10:38
Energy & Commodities,1,2026-07-12 10:38
Global Issues,3,2026-07-12 10:38
International Affairs,5,2026-07-12 10:38
Global Issues,3,2026-07-12 08:54
Military & Defense,1,2026-07-12 08:54
Regional Conflicts,3,2026-07-12 08:54
Energy & Commodities,1,2026-07-12 08:54
Politics & Government,1,2026-07-12 08:54
Diplomacy & Relations,9,2026-07-12 08:54
Security & Terrorism,2,2026-07-12 08:54
International Affairs,5,2026-07-12 08:54
Military & Defense,1,2026-07-12 06:37
Security & Terrorism,3,2026-07-12 06:37
Global Issues,2,2026-07-12 06:37
Diplomacy & Relations,9,2026-07-12 06:37
Regional Conflicts,5,2026-07-12 06:37
International Affairs,5,2026-07-12 06:37
Security & Terrorism,3,2026-07-12 03:47
Regional Conflicts,4,2026-07-12 03:47
International Affairs,5,2026-07-12 03:47
Global Issues,2,2026-07-12 03:47
Military & Defense,2,2026-07-12 03:47
Diplomacy & Relations,9,2026-07-12 03:47
Military & Defense,2,2026-07-11 23:59
Diplomacy & Relations,7,2026-07-11 23:59
Global Issues,3,2026-07-11 23:59
International Affairs,6,2026-07-11 23:59
Security & Terrorism,2,2026-07-11 23:59
Regional Conflicts,5,2026-07-11 23:59
Regional Conflicts,3,2026-07-11 22:54
Security & Terrorism,2,2026-07-11 22:54
Global Issues,2,2026-07-11 22:54
International Affairs,7,2026-07-11 22:54
Military & Defense,2,2026-07-11 22:54
Diplomacy & Relations,8,2026-07-11 22:54
Nuclear & Security Affairs,1,2026-07-11 22:54
International Affairs,8,2026-07-11 21:54
Nuclear & Security Affairs,1,2026-07-11 21:54
Military & Defense,2,2026-07-11 21:54
Security & Terrorism,2,2026-07-11 21:54
Global Issues,1,2026-07-11 21:54
Diplomacy & Relations,7,2026-07-11 21:54
Regional Conflicts,4,2026-07-11 21:54
International Affairs,8,2026-07-11 20:54
Diplomacy & Relations,7,2026-07-11 20:54
Global Issues,1,2026-07-11 20:54
Politics & Government,1,2026-07-11 20:54
Nuclear & Security Affairs,1,2026-07-11 20:54
Regional Conflicts,3,2026-07-11 20:54
Military & Defense,2,2026-07-11 20:54
Security & Terrorism,2,2026-07-11 20:54
Security & Terrorism,1,2026-07-11 19:52
Regional Conflicts,3,2026-07-11 19:52
Military & Defense,2,2026-07-11 19:52
Nuclear & Security Affairs,1,2026-07-11 19:52
Global Issues,1,2026-07-11 19:52
Diplomacy & Relations,7,2026-07-11 19:52
Politics & Government,1,2026-07-11 19:52
International Affairs,9,2026-07-11 19:52
Global Issues,2,2026-07-11 18:37
Diplomacy & Relations,7,2026-07-11 18:37
International Affairs,9,2026-07-11 18:37
Nuclear & Security Affairs,2,2026-07-11 18:37
Regional Conflicts,2,2026-07-11 18:37
Military & Defense,3,2026-07-11 18:37
Diplomacy & Relations,8,2026-07-11 17:41
Nuclear & Security Affairs,2,2026-07-11 17:41
Regional Conflicts,2,2026-07-11 17:41
Military & Defense,3,2026-07-11 17:41
Global Issues,2,2026-07-11 17:41
International Affairs,8,2026-07-11 17:41
Nuclear & Security Affairs,2,2026-07-11 16:36
International Affairs,7,2026-07-11 16:36
Global Issues,1,2026-07-11 16:36
Regional Conflicts,2,2026-07-11 16:36
Military & Defense,4,2026-07-11 16:36
Diplomacy & Relations,9,2026-07-11 16:36
Energy & Commodities,1,2026-07-11 15:38
International Affairs,6,2026-07-11 15:38
Nuclear & Security Affairs,2,2026-07-11 15:38
Military & Defense,4,2026-07-11 15:38
Regional Conflicts,2,2026-07-11 15:38
Global Issues,1,2026-07-11 15:38
Diplomacy & Relations,9,2026-07-11 15:38
Nuclear & Security Affairs,3,2026-07-11 14:40
Energy & Commodities,4,2026-07-11 14:40
Regional Conflicts,4,2026-07-11 14:40
Diplomacy & Relations,26,2026-07-11 14:40
International Affairs,8,2026-07-11 14:40
Military & Defense,5,2026-07-11 14:40
Diplomacy & Relations,9,2026-07-11 13:37
Energy & Commodities,1,2026-07-11 13:37
Nuclear & Security Affairs,2,2026-07-11 13:37
International Affairs,6,2026-07-11 13:37
Regional Conflicts,2,2026-07-11 13:37
Military & Defense,5,2026-07-11 13:37
International Affairs,6,2026-07-11 11:55
Energy & Commodities,2,2026-07-11 11:55
Nuclear & Security Affairs,2,2026-07-11 11:55
Military & Defense,5,2026-07-11 11:55
Diplomacy & Relations,8,2026-07-11 11:55
Regional Conflicts,2,2026-07-11 11:55
Nuclear & Security Affairs,1,2026-07-11 10:45
Global Issues,1,2026-07-11 10:45
Regional Conflicts,1,2026-07-11 10:45
Diplomacy & Relations,9,2026-07-11 10:45
Military & Defense,5,2026-07-11 10:45
Energy & Commodities,2,2026-07-11 10:45
International Affairs,6,2026-07-11 10:45
Diplomacy & Relations,12,2026-07-11 09:10
Military & Defense,3,2026-07-11 09:10
International Affairs,6,2026-07-11 09:10
Regional Conflicts,1,2026-07-11 09:10
Energy & Commodities,2,2026-07-11 09:10
Nuclear & Security Affairs,1,2026-07-11 09:10
International Affairs,7,2026-07-11 07:13
Military & Defense,2,2026-07-11 07:13
Diplomacy & Relations,11,2026-07-11 07:13
Regional Conflicts,1,2026-07-11 07:13
Nuclear & Security Affairs,1,2026-07-11 07:13
Energy & Commodities,2,2026-07-11 07:13
Global Issues,1,2026-07-11 07:13
Global Issues,1,2026-07-11 04:47
Nuclear & Security Affairs,1,2026-07-11 04:47
Military & Defense,2,2026-07-11 04:47
Diplomacy & Relations,10,2026-07-11 04:47
Energy & Commodities,2,2026-07-11 04:47
Regional Conflicts,1,2026-07-11 04:47
International Affairs,8,2026-07-11 04:47
Politics & Government,1,2026-07-11 01:10
Energy & Commodities,2,2026-07-11 01:10
Regional Conflicts,1,2026-07-11 01:10
Global Issues,1,2026-07-11 01:10
International Affairs,8,2026-07-11 01:10
Diplomacy & Relations,9,2026-07-11 01:10
Military & Defense,2,2026-07-11 01:10
Nuclear & Security Affairs,1,2026-07-11 01:10
Regional Conflicts,1,2026-07-10 23:41
Military & Defense,1,2026-07-10 23:41
Diplomacy & Relations,9,2026-07-10 23:41
Global Issues,1,2026-07-10 23:41
Energy & Commodities,2,2026-07-10 23:41
Politics & Government,1,2026-07-10 23:41
International Affairs,8,2026-07-10 23:41
Nuclear & Security Affairs,1,2026-07-10 23:41
Social Media & Public Opinion,1,2026-07-10 23:41
Social Media & Public Opinion,1,2026-07-10 22:42
Military & Defense,1,2026-07-10 22:42
International Affairs,8,2026-07-10 22:42
Global Issues,1,2026-07-10 22:42
Energy & Commodities,2,2026-07-10 22:42
Nuclear & Security Affairs,1,2026-07-10 22:42
Politics & Government,1,2026-07-10 22:42
Diplomacy & Relations,9,2026-07-10 22:42
Regional Conflicts,1,2026-07-10 22:42
International Affairs,11,2026-07-10 21:43
Politics & Government,1,2026-07-10 21:43
Diplomacy & Relations,13,2026-07-10 21:43
Social Media & Public Opinion,1,2026-07-10 21:43
Military & Defense,3,2026-07-10 21:43
Security & Terrorism,3,2026-07-10 21:43
Global Issues,3,2026-07-10 21:43
Regional Conflicts,10,2026-07-10 21:43
Nuclear & Security Affairs,2,2026-07-10 21:43
Energy & Commodities,3,2026-07-10 21:43
International Affairs,9,2026-07-10 20:06
Politics & Government,1,2026-07-10 20:06
Diplomacy & Relations,7,2026-07-10 20:06
Military & Defense,2,2026-07-10 20:06
Security & Terrorism,1,2026-07-10 20:06
Nuclear & Security Affairs,1,2026-07-10 20:06
Energy & Commodities,3,2026-07-10 20:06
Regional Conflicts,1,2026-07-10 20:06
Regional Conflicts,1,2026-07-10 18:12
Social Media & Public Opinion,1,2026-07-10 18:12
International Affairs,8,2026-07-10 18:12
Politics & Government,1,2026-07-10 18:12
Energy & Commodities,3,2026-07-10 18:12
Nuclear & Security Affairs,1,2026-07-10 18:12
Military & Defense,1,2026-07-10 18:12
Diplomacy & Relations,7,2026-07-10 18:12
Security & Terrorism,2,2026-07-10 18:12
Diplomacy & Relations,8,2026-07-10 16:09
Social Media & Public Opinion,1,2026-07-10 16:09
Energy & Commodities,2,2026-07-10 16:09
International Affairs,9,2026-07-10 16:09
Nuclear & Security Affairs,1,2026-07-10 16:09
Regional Conflicts,1,2026-07-10 16:09
Security & Terrorism,2,2026-07-10 16:09
Politics & Government,1,2026-07-10 16:09
Regional Conflicts,1,2026-07-10 13:45
Politics & Government,1,2026-07-10 13:45
Diplomacy & Relations,7,2026-07-10 13:45
Social Media & Public Opinion,2,2026-07-10 13:45
Security & Terrorism,2,2026-07-10 13:45
Nuclear & Security Affairs,1,2026-07-10 13:45
Energy & Commodities,2,2026-07-10 13:45
International Affairs,9,2026-07-10 13:45
Regional Conflicts,1,2026-07-10 11:34
Politics & Government,2,2026-07-10 11:34
Energy & Commodities,1,2026-07-10 11:34
Social Media & Public Opinion,2,2026-07-10 11:34
Security & Terrorism,3,2026-07-10 11:34
Diplomacy & Relations,5,2026-07-10 11:34
International Affairs,11,2026-07-10 11:34
Diplomacy & Relations,6,2026-07-10 08:04
Politics & Government,2,2026-07-10 08:04
Energy & Commodities,1,2026-07-10 08:04
Social Media & Public Opinion,3,2026-07-10 08:04
Security & Terrorism,1,2026-07-10 08:04
Military & Defense,2,2026-07-10 08:04
Regional Conflicts,1,2026-07-10 08:04
International Affairs,9,2026-07-10 08:04
Nuclear & Security Affairs,1,2026-07-10 04:39
International Affairs,7,2026-07-10 04:39
Social Media & Public Opinion,1,2026-07-10 04:39
Security & Terrorism,1,2026-07-10 04:39
Politics & Government,2,2026-07-10 04:39
Energy & Commodities,1,2026-07-10 04:39
Military & Defense,2,2026-07-10 04:39
Diplomacy & Relations,9,2026-07-10 04:39
Regional Conflicts,1,2026-07-10 04:39
Politics & Government,1,2026-07-10 00:13
Military & Defense,2,2026-07-10 00:13
Security & Terrorism,1,2026-07-10 00:13
Regional Conflicts,1,2026-07-10 00:13
Social Media & Public Opinion,2,2026-07-10 00:13
Diplomacy & Relations,7,2026-07-10 00:13
Energy & Commodities,1,2026-07-10 00:13
Global Issues,1,2026-07-10 00:13
International Affairs,8,2026-07-10 00:13
Nuclear & Security Affairs,1,2026-07-10 00:13
Politics & Government,1,2026-07-09 22:57
Nuclear & Security Affairs,1,2026-07-09 22:57
Regional Conflicts,1,2026-07-09 22:57
Security & Terrorism,1,2026-07-09 22:57
Social Media & Public Opinion,1,2026-07-09 22:57
Diplomacy & Relations,8,2026-07-09 22:57
Energy & Commodities,1,2026-07-09 22:57
Global Issues,1,2026-07-09 22:57
International Affairs,8,2026-07-09 22:57
Military & Defense,2,2026-07-09 22:57
Politics & Government,1,2026-07-09 21:38
Regional Conflicts,1,2026-07-09 21:38
Energy & Commodities,1,2026-07-09 21:38
Global Issues,1,2026-07-09 21:38
International Affairs,8,2026-07-09 21:38
Military & Defense,2,2026-07-09 21:38
Nuclear & Security Affairs,1,2026-07-09 21:38
Diplomacy & Relations,9,2026-07-09 21:38
Social Media & Public Opinion,1,2026-07-09 21:38
Energy & Commodities,1,2026-07-09 19:59
Diplomacy & Relations,9,2026-07-09 19:59
International Affairs,9,2026-07-09 19:59
Military & Defense,2,2026-07-09 19:59
Regional Conflicts,1,2026-07-09 19:59
Global Issues,1,2026-07-09 19:59
Politics & Government,1,2026-07-09 19:59
Social Media & Public Opinion,1,2026-07-09 19:59
Social Media & Public Opinion,2,2026-07-09 17:59
Military & Defense,2,2026-07-09 17:59
International Affairs,10,2026-07-09 17:59
Diplomacy & Relations,6,2026-07-09 17:59
Regional Conflicts,2,2026-07-09 17:59
Global Issues,2,2026-07-09 17:59
Energy & Commodities,1,2026-07-09 17:59
Social Media & Public Opinion,1,2026-07-09 15:47
Diplomacy & Relations,6,2026-07-09 15:47
Regional Conflicts,2,2026-07-09 15:47
International Affairs,11,2026-07-09 15:47
Military & Defense,3,2026-07-09 15:47
Energy & Commodities,1,2026-07-09 15:47
Global Issues,1,2026-07-09 15:47
International Affairs,9,2026-07-09 09:47
Energy & Commodities,2,2026-07-09 09:47
Social Media & Public Opinion,2,2026-07-09 09:47
Regional Conflicts,2,2026-07-09 09:47
Military & Defense,2,2026-07-09 09:47
Diplomacy & Relations,8,2026-07-09 09:47
Military & Defense,3,2026-07-09 05:48
Regional Conflicts,3,2026-07-09 05:48
Diplomacy & Relations,8,2026-07-09 05:48
International Affairs,6,2026-07-09 05:48
Social Media & Public Opinion,3,2026-07-09 05:48
Energy & Commodities,2,2026-07-09 05:48
Regional Conflicts,2,2026-07-09 01:17
Military & Defense,2,2026-07-09 01:17
Energy & Commodities,1,2026-07-09 01:17
International Affairs,7,2026-07-09 01:17
Social Media & Public Opinion,4,2026-07-09 01:17
Diplomacy & Relations,9,2026-07-09 01:17
Social Media & Public Opinion,4,2026-07-08 23:11
Military & Defense,3,2026-07-08 23:11
International Affairs,9,2026-07-08 23:11
Diplomacy & Relations,7,2026-07-08 23:11
Regional Conflicts,2,2026-07-08 23:11
International Affairs,10,2026-07-08 21:48
Social Media & Public Opinion,4,2026-07-08 21:48
Military & Defense,3,2026-07-08 21:48
Diplomacy & Relations,6,2026-07-08 21:48
Regional Conflicts,2,2026-07-08 21:48
Regional Conflicts,2,2026-07-08 20:10
Social Media & Public Opinion,4,2026-07-08 20:10
International Affairs,11,2026-07-08 20:10
Diplomacy & Relations,5,2026-07-08 20:10
Military & Defense,3,2026-07-08 20:10
Regional Conflicts,2,2026-07-08 18:07
International Affairs,10,2026-07-08 18:07
Social Media & Public Opinion,3,2026-07-08 18:07
Nuclear & Security Affairs,1,2026-07-08 18:07
Diplomacy & Relations,5,2026-07-08 18:07
Military & Defense,4,2026-07-08 18:07
Regional Conflicts,1,2026-07-08 16:21
International Affairs,10,2026-07-08 16:21
Social Media & Public Opinion,3,2026-07-08 16:21
Energy & Commodities,2,2026-07-08 16:21
Diplomacy & Relations,4,2026-07-08 16:21
Military & Defense,4,2026-07-08 16:21
Security & Terrorism,1,2026-07-08 16:21
Regional Conflicts,1,2026-07-08 14:24
Social Media & Public Opinion,2,2026-07-08 14:24
Energy & Commodities,2,2026-07-08 14:24
Security & Terrorism,2,2026-07-08 14:24
Military & Defense,4,2026-07-08 14:24
International Affairs,9,2026-07-08 14:24
Diplomacy & Relations,5,2026-07-08 14:24
Military & Defense,3,2026-07-08 11:53
Regional Conflicts,1,2026-07-08 11:53
International Affairs,10,2026-07-08 11:53
Diplomacy & Relations,5,2026-07-08 11:53
Energy & Commodities,1,2026-07-08 11:53
Nuclear & Security Affairs,1,2026-07-08 11:53
Politics & Government,1,2026-07-08 11:53
Social Media & Public Opinion,1,2026-07-08 11:53
Security & Terrorism,2,2026-07-08 11:53
Politics & Government,1,2026-07-08 09:59
Nuclear & Security Affairs,1,2026-07-08 09:59
Regional Conflicts,1,2026-07-08 09:59
International Affairs,10,2026-07-08 09:59
Military & Defense,4,2026-07-08 09:59
Social Media & Public Opinion,1,2026-07-08 09:59
Diplomacy & Relations,5,2026-07-08 09:59
Security & Terrorism,2,2026-07-08 09:59
International Affairs,8,2026-07-08 07:31
Energy & Commodities,1,2026-07-08 07:31
Nuclear & Security Affairs,2,2026-07-08 07:31
Social Media & Public Opinion,1,2026-07-08 07:31
Diplomacy & Relations,6,2026-07-08 07:31
Security & Terrorism,2,2026-07-08 07:31
Military & Defense,3,2026-07-08 07:31
Politics & Government,2,2026-07-08 07:31
Energy & Commodities,2,2026-07-08 04:52
Military & Defense,2,2026-07-08 04:52
Politics & Government,2,2026-07-08 04:52
Diplomacy & Relations,7,2026-07-08 04:52
International Affairs,7,2026-07-08 04:52
Security & Terrorism,3,2026-07-08 04:52
Nuclear & Security Affairs,2,2026-07-08 04:52
Military & Defense,2,2026-07-08 01:12
Diplomacy & Relations,10,2026-07-08 01:12
Nuclear & Security Affairs,2,2026-07-08 01:12
Security & Terrorism,2,2026-07-08 01:12
Politics & Government,3,2026-07-08 01:12
International Affairs,5,2026-07-08 01:12
Energy & Commodities,1,2026-07-08 01:12
Military & Defense,2,2026-07-07 23:37
Security & Terrorism,2,2026-07-07 23:37
Politics & Government,3,2026-07-07 23:37
Diplomacy & Relations,10,2026-07-07 23:37
Energy & Commodities,1,2026-07-07 23:37
Nuclear & Security Affairs,1,2026-07-07 23:37
International Affairs,6,2026-07-07 23:37
Nuclear & Security Affairs,1,2026-07-07 22:13
Energy & Commodities,1,2026-07-07 22:13
Politics & Government,3,2026-07-07 22:13
Diplomacy & Relations,11,2026-07-07 22:13
Military & Defense,1,2026-07-07 22:13
Security & Terrorism,2,2026-07-07 22:13
International Affairs,6,2026-07-07 22:13
Politics & Government,3,2026-07-07 20:51
Diplomacy & Relations,10,2026-07-07 20:51
Military & Defense,1,2026-07-07 20:51
Energy & Commodities,1,2026-07-07 20:51
International Affairs,7,2026-07-07 20:51
Security & Terrorism,2,2026-07-07 20:51
Nuclear & Security Affairs,1,2026-07-07 20:51
International Affairs,5,2026-07-07 18:50
Nuclear & Security Affairs,1,2026-07-07 18:50
Diplomacy & Relations,13,2026-07-07 18:50
Politics & Government,3,2026-07-07 18:50
Energy & Commodities,1,2026-07-07 18:50
Security & Terrorism,2,2026-07-07 18:50
Security & Terrorism,2,2026-07-07 16:12
Diplomacy & Relations,9,2026-07-07 16:12
International Affairs,9,2026-07-07 16:12
Nuclear & Security Affairs,2,2026-07-07 16:12
Politics & Government,2,2026-07-07 16:12
Energy & Commodities,1,2026-07-07 16:12
Nuclear & Security Affairs,2,2026-07-07 13:06
Military & Defense,1,2026-07-07 13:06
Global Issues,1,2026-07-07 13:06
International Affairs,7,2026-07-07 13:06
Energy & Commodities,1,2026-07-07 13:06
Diplomacy & Relations,8,2026-07-07 13:06
Politics & Government,3,2026-07-07 13:06
Security & Terrorism,2,2026-07-07 13:06
International Affairs,6,2026-07-07 10:40
Nuclear & Security Affairs,2,2026-07-07 10:40
Politics & Government,3,2026-07-07 10:40
Diplomacy & Relations,11,2026-07-07 10:40
Security & Terrorism,1,2026-07-07 10:40
Global Issues,1,2026-07-07 10:40
Military & Defense,1,2026-07-07 10:40
Politics & Government,4,2026-07-07 07:43
Social Media & Public Opinion,1,2026-07-07 07:43
Military & Defense,1,2026-07-07 07:43
Diplomacy & Relations,10,2026-07-07 07:43
Global Issues,1,2026-07-07 07:43
International Affairs,7,2026-07-07 07:43
Nuclear & Security Affairs,1,2026-07-07 07:43
Politics & Government,3,2026-07-07 03:48
International Affairs,7,2026-07-07 03:48
Security & Terrorism,1,2026-07-07 03:48
Regional Conflicts,1,2026-07-07 03:48
Nuclear & Security Affairs,1,2026-07-07 03:48
Social Media & Public Opinion,1,2026-07-07 03:48
Diplomacy & Relations,11,2026-07-07 03:48
Diplomacy & Relations,8,2026-07-06 23:46
Security & Terrorism,2,2026-07-06 23:46
Global Issues,1,2026-07-06 23:46
Nuclear & Security Affairs,1,2026-07-06 23:46
Politics & Government,3,2026-07-06 23:46
Regional Conflicts,2,2026-07-06 23:46
Energy & Commodities,2,2026-07-06 23:46
International Affairs,6,2026-07-06 23:46
Regional Conflicts,2,2026-07-06 22:03
Global Issues,1,2026-07-06 22:03
Diplomacy & Relations,7,2026-07-06 22:03
Politics & Government,3,2026-07-06 22:03
Nuclear & Security Affairs,1,2026-07-06 22:03
Energy & Commodities,2,2026-07-06 22:03
International Affairs,7,2026-07-06 22:03
Security & Terrorism,2,2026-07-06 22:03
Energy & Commodities,2,2026-07-06 20:34
International Affairs,7,2026-07-06 20:34
Nuclear & Security Affairs,1,2026-07-06 20:34
Diplomacy & Relations,5,2026-07-06 20:34
Security & Terrorism,3,2026-07-06 20:34
Regional Conflicts,4,2026-07-06 20:34
Global Issues,1,2026-07-06 20:34
Politics & Government,2,2026-07-06 20:34
Global Issues,2,2026-07-06 18:32
Nuclear & Security Affairs,1,2026-07-06 18:32
Politics & Government,1,2026-07-06 18:32
Diplomacy & Relations,5,2026-07-06 18:32
Regional Conflicts,4,2026-07-06 18:32
International Affairs,7,2026-07-06 18:32
Security & Terrorism,3,2026-07-06 18:32
Military & Defense,1,2026-07-06 18:32
Energy & Commodities,1,2026-07-06 18:32
Global Issues,2,2026-07-06 16:07
Regional Conflicts,4,2026-07-06 16:07
Diplomacy & Relations,5,2026-07-06 16:07
Military & Defense,1,2026-07-06 16:07
International Affairs,9,2026-07-06 16:07
Energy & Commodities,1,2026-07-06 16:07
Security & Terrorism,2,2026-07-06 16:07
Nuclear & Security Affairs,1,2026-07-06 16:07
Global Issues,4,2026-07-06 12:28
International Affairs,12,2026-07-06 12:28
Security & Terrorism,5,2026-07-06 12:28
Diplomacy & Relations,15,2026-07-06 12:28
Politics & Government,1,2026-07-06 12:28
Nuclear & Security Affairs,1,2026-07-06 12:28
Energy & Commodities,3,2026-07-06 12:28
Social Media & Public Opinion,3,2026-07-06 12:28
Military & Defense,1,2026-07-06 12:28
Regional Conflicts,5,2026-07-06 12:28
Regional Conflicts,4,2026-07-06 08:38
Security & Terrorism,2,2026-07-06 08:38
Social Media & Public Opinion,1,2026-07-06 08:38
Diplomacy & Relations,5,2026-07-06 08:38
Energy & Commodities,1,2026-07-06 08:38
International Affairs,9,2026-07-06 08:38
Military & Defense,1,2026-07-06 08:38
Global Issues,1,2026-07-06 08:38
Nuclear & Security Affairs,1,2026-07-06 08:38
International Affairs,9,2026-07-06 03:57
Energy & Commodities,2,2026-07-06 03:57
Nuclear & Security Affairs,1,2026-07-06 03:57
Regional Conflicts,4,2026-07-06 03:57
Diplomacy & Relations,5,2026-07-06 03:57
Global Issues,1,2026-07-06 03:57
Security & Terrorism,2,2026-07-06 03:57
Social Media & Public Opinion,1,2026-07-06 03:57
International Affairs,10,2026-07-05 23:47
Politics & Government,1,2026-07-05 23:47
Energy & Commodities,2,2026-07-05 23:47
Security & Terrorism,1,2026-07-05 23:47
Nuclear & Security Affairs,1,2026-07-05 23:47
Social Media & Public Opinion,1,2026-07-05 23:47
Diplomacy & Relations,7,2026-07-05 23:47
Regional Conflicts,2,2026-07-05 23:47
International Affairs,10,2026-07-05 22:43
Politics & Government,1,2026-07-05 22:43
Regional Conflicts,1,2026-07-05 22:43
Diplomacy & Relations,7,2026-07-05 22:43
Energy & Commodities,2,2026-07-05 22:43
Social Media & Public Opinion,1,2026-07-05 22:43
Security & Terrorism,2,2026-07-05 22:43
Nuclear & Security Affairs,1,2026-07-05 22:43
Diplomacy & Relations,7,2026-07-05 21:43
Politics & Government,1,2026-07-05 21:43
Regional Conflicts,1,2026-07-05 21:43
International Affairs,12,2026-07-05 21:43
Energy & Commodities,2,2026-07-05 21:43
Social Media & Public Opinion,1,2026-07-05 21:43
Security & Terrorism,1,2026-07-05 21:43
Diplomacy & Relations,6,2026-07-05 20:41
Politics & Government,1,2026-07-05 20:41
International Affairs,12,2026-07-05 20:41
Regional Conflicts,2,2026-07-05 20:41
Social Media & Public Opinion,1,2026-07-05 20:41
Security & Terrorism,1,2026-07-05 20:41
Energy & Commodities,2,2026-07-05 20:41
Diplomacy & Relations,6,2026-07-05 19:23
Social Media & Public Opinion,1,2026-07-05 19:23
Politics & Government,1,2026-07-05 19:23
Energy & Commodities,2,2026-07-05 19:23
International Affairs,11,2026-07-05 19:23
Regional Conflicts,2,2026-07-05 19:23
Security & Terrorism,2,2026-07-05 19:23
Security & Terrorism,3,2026-07-05 17:47
Social Media & Public Opinion,1,2026-07-05 17:47
Politics & Government,1,2026-07-05 17:47
Diplomacy & Relations,5,2026-07-05 17:47
International Affairs,13,2026-07-05 17:47
Regional Conflicts,1,2026-07-05 17:47
Energy & Commodities,1,2026-07-05 17:47
Regional Conflicts,1,2026-07-05 16:12
Diplomacy & Relations,4,2026-07-05 16:12
Security & Terrorism,3,2026-07-05 16:12
Politics & Government,2,2026-07-05 16:12
Energy & Commodities,1,2026-07-05 16:12
International Affairs,12,2026-07-05 16:12
Social Media & Public Opinion,2,2026-07-05 16:12
Energy & Commodities,1,2026-07-05 14:46
Diplomacy & Relations,5,2026-07-05 14:46
Social Media & Public Opinion,3,2026-07-05 14:46
International Affairs,11,2026-07-05 14:46
Politics & Government,2,2026-07-05 14:46
Security & Terrorism,3,2026-07-05 14:46
International Affairs,10,2026-07-05 12:54
Social Media & Public Opinion,2,2026-07-05 12:54
Security & Terrorism,4,2026-07-05 12:54
Diplomacy & Relations,5,2026-07-05 12:54
Politics & Government,2,2026-07-05 12:54
Nuclear & Security Affairs,1,2026-07-05 12:54
Energy & Commodities,1,2026-07-05 12:54
Diplomacy & Relations,5,2026-07-05 11:09
International Affairs,10,2026-07-05 11:09
Politics & Government,3,2026-07-05 11:09
Social Media & Public Opinion,2,2026-07-05 11:09
Security & Terrorism,4,2026-07-05 11:09
Nuclear & Security Affairs,1,2026-07-05 11:09
Military & Defense,2,2026-07-05 08:58
Security & Terrorism,4,2026-07-05 08:58
International Affairs,7,2026-07-05 08:58
Diplomacy & Relations,6,2026-07-05 08:58
Nuclear & Security Affairs,1,2026-07-05 08:58
Politics & Government,3,2026-07-05 08:58
Social Media & Public Opinion,2,2026-07-05 08:58
Diplomacy & Relations,5,2026-07-05 05:47
Security & Terrorism,5,2026-07-05 05:47
International Affairs,6,2026-07-05 05:47
Global Issues,1,2026-07-05 05:47
Nuclear & Security Affairs,2,2026-07-05 05:47
Politics & Government,3,2026-07-05 05:47
Social Media & Public Opinion,1,2026-07-05 05:47
Military & Defense,2,2026-07-05 05:47
International Affairs,6,2026-07-05 01:27
Politics & Government,3,2026-07-05 01:27
Diplomacy & Relations,6,2026-07-05 01:27
Military & Defense,1,2026-07-05 01:27
Security & Terrorism,5,2026-07-05 01:27
Global Issues,1,2026-07-05 01:27
Social Media & Public Opinion,1,2026-07-05 01:27
Nuclear & Security Affairs,2,2026-07-05 01:27
Global Issues,1,2026-07-04 23:45
Security & Terrorism,5,2026-07-04 23:45
Nuclear & Security Affairs,2,2026-07-04 23:45
Diplomacy & Relations,5,2026-07-04 23:45
Social Media & Public Opinion,1,2026-07-04 23:45
International Affairs,7,2026-07-04 23:45
Military & Defense,1,2026-07-04 23:45
Politics & Government,3,2026-07-04 23:45
Global Issues,1,2026-07-04 22:41
Social Media & Public Opinion,1,2026-07-04 22:41
Diplomacy & Relations,5,2026-07-04 22:41
Politics & Government,3,2026-07-04 22:41
Energy & Commodities,1,2026-07-04 22:41
Military & Defense,1,2026-07-04 22:41
Nuclear & Security Affairs,2,2026-07-04 22:41
International Affairs,7,2026-07-04 22:41
Security & Terrorism,4,2026-07-04 22:41
Social Media & Public Opinion,3,2026-07-04 21:42
Politics & Government,3,2026-07-04 21:42
International Affairs,6,2026-07-04 21:42
Diplomacy & Relations,14,2026-07-04 21:42
Security & Terrorism,7,2026-07-04 21:42
Regional Conflicts,4,2026-07-04 21:42
Energy & Commodities,5,2026-07-04 21:42
Global Issues,3,2026-07-04 21:42
Military & Defense,5,2026-07-04 21:42
International Affairs,8,2026-07-04 20:36
Military & Defense,1,2026-07-04 20:36
Regional Conflicts,1,2026-07-04 20:36
Social Media & Public Opinion,1,2026-07-04 20:36
Politics & Government,2,2026-07-04 20:36
Diplomacy & Relations,5,2026-07-04 20:36
Security & Terrorism,4,2026-07-04 20:36
Nuclear & Security Affairs,2,2026-07-04 20:36
Energy & Commodities,1,2026-07-04 20:36
Military & Defense,1,2026-07-04 19:20
International Affairs,7,2026-07-04 19:20
Diplomacy & Relations,4,2026-07-04 19:20
Regional Conflicts,1,2026-07-04 19:20
Nuclear & Security Affairs,2,2026-07-04 19:20
Global Issues,1,2026-07-04 19:20
Social Media & Public Opinion,2,2026-07-04 19:20
Security & Terrorism,4,2026-07-04 19:20
Energy & Commodities,1,2026-07-04 19:20
Politics & Government,2,2026-07-04 19:20
Nuclear & Security Affairs,2,2026-07-04 17:47
Politics & Government,4,2026-07-04 17:47
International Affairs,6,2026-07-04 17:47
Military & Defense,1,2026-07-04 17:47
Security & Terrorism,3,2026-07-04 17:47
Social Media & Public Opinion,2,2026-07-04 17:47
Energy & Commodities,1,2026-07-04 17:47
Diplomacy & Relations,5,2026-07-04 17:47
Regional Conflicts,1,2026-07-04 17:47
Nuclear & Security Affairs,2,2026-07-04 16:43
Military & Defense,1,2026-07-04 16:43
Energy & Commodities,1,2026-07-04 16:43
Security & Terrorism,3,2026-07-04 16:43
Politics & Government,4,2026-07-04 16:43
Social Media & Public Opinion,2,2026-07-04 16:43
Regional Conflicts,1,2026-07-04 16:43
Diplomacy & Relations,5,2026-07-04 16:43
International Affairs,6,2026-07-04 16:43
Nuclear & Security Affairs,2,2026-07-04 15:09
Energy & Commodities,2,2026-07-04 15:09
Politics & Government,6,2026-07-04 15:09
Regional Conflicts,3,2026-07-04 15:09
Security & Terrorism,3,2026-07-04 15:09
Global Issues,1,2026-07-04 15:09
International Affairs,10,2026-07-04 15:09
Military & Defense,4,2026-07-04 15:09
Diplomacy & Relations,15,2026-07-04 15:09
Social Media & Public Opinion,4,2026-07-04 15:09
Diplomacy & Relations,5,2026-07-04 13:52
Energy & Commodities,1,2026-07-04 13:52
Social Media & Public Opinion,2,2026-07-04 13:52
Politics & Government,4,2026-07-04 13:52
Security & Terrorism,2,2026-07-04 13:52
Global Issues,1,2026-07-04 13:52
Regional Conflicts,1,2026-07-04 13:52
International Affairs,8,2026-07-04 13:52
Military & Defense,1,2026-07-04 13:52
International Affairs,8,2026-07-04 11:57
Regional Conflicts,1,2026-07-04 11:57
Diplomacy & Relations,6,2026-07-04 11:57
Security & Terrorism,2,2026-07-04 11:57
Politics & Government,3,2026-07-04 11:57
Military & Defense,1,2026-07-04 11:57
Energy & Commodities,2,2026-07-04 11:57
Social Media & Public Opinion,2,2026-07-04 11:57
Regional Conflicts,1,2026-07-04 10:43
Politics & Government,3,2026-07-04 10:43
Energy & Commodities,2,2026-07-04 10:43
Diplomacy & Relations,4,2026-07-04 10:43
Nuclear & Security Affairs,1,2026-07-04 10:43
International Affairs,9,2026-07-04 10:43
Military & Defense,1,2026-07-04 10:43
Social Media & Public Opinion,1,2026-07-04 10:43
Security & Terrorism,3,2026-07-04 10:43
Energy & Commodities,2,2026-07-04 08:14
Global Issues,1,2026-07-04 08:14
Security & Terrorism,3,2026-07-04 08:14
International Affairs,8,2026-07-04 08:14
Diplomacy & Relations,3,2026-07-04 08:14
Regional Conflicts,1,2026-07-04 08:14
Social Media & Public Opinion,2,2026-07-04 08:14
Military & Defense,1,2026-07-04 08:14
Nuclear & Security Affairs,1,2026-07-04 08:14
Politics & Government,3,2026-07-04 08:14
Diplomacy & Relations,3,2026-07-04 05:29
Social Media & Public Opinion,2,2026-07-04 05:29
Regional Conflicts,1,2026-07-04 05:29
International Affairs,8,2026-07-04 05:29
Energy & Commodities,2,2026-07-04 05:29
Politics & Government,3,2026-07-04 05:29
Global Issues,1,2026-07-04 05:29
Nuclear & Security Affairs,2,2026-07-04 05:29
Security & Terrorism,3,2026-07-04 05:29
Diplomacy & Relations,4,2026-07-04 01:18
Nuclear & Security Affairs,2,2026-07-04 01:18
Regional Conflicts,2,2026-07-04 01:18
Global Issues,1,2026-07-04 01:18
Energy & Commodities,1,2026-07-04 01:18
Politics & Government,2,2026-07-04 01:18
International Affairs,10,2026-07-04 01:18
Security & Terrorism,1,2026-07-04 01:18
Social Media & Public Opinion,1,2026-07-04 01:18
Military & Defense,1,2026-07-04 01:18
Global Issues,1,2026-07-03 23:08
International Affairs,9,2026-07-03 23:08
Energy & Commodities,1,2026-07-03 23:08
Military & Defense,1,2026-07-03 23:08
Regional Conflicts,1,2026-07-03 23:08
Nuclear & Security Affairs,3,2026-07-03 23:08
Security & Terrorism,2,2026-07-03 23:08
Diplomacy & Relations,4,2026-07-03 23:08
Social Media & Public Opinion,1,2026-07-03 23:08
Politics & Government,2,2026-07-03 23:08
Politics & Government,2,2026-07-03 21:46
Global Issues,1,2026-07-03 21:46
Military & Defense,2,2026-07-03 21:46
Security & Terrorism,1,2026-07-03 21:46
Regional Conflicts,1,2026-07-03 21:46
Social Media & Public Opinion,1,2026-07-03 21:46
International Affairs,10,2026-07-03 21:46
Nuclear & Security Affairs,2,2026-07-03 21:46
Diplomacy & Relations,4,2026-07-03 21:46
Energy & Commodities,1,2026-07-03 21:46
Social Media & Public Opinion,1,2026-07-03 20:04
Nuclear & Security Affairs,3,2026-07-03 20:04
Security & Terrorism,1,2026-07-03 20:04
Energy & Commodities,1,2026-07-03 20:04
Regional Conflicts,1,2026-07-03 20:04
Politics & Government,1,2026-07-03 20:04
International Affairs,9,2026-07-03 20:04
Diplomacy & Relations,5,2026-07-03 20:04
Military & Defense,3,2026-07-03 20:04
Regional Conflicts,2,2026-07-03 18:03
International Affairs,22,2026-07-03 18:03
Military & Defense,6,2026-07-03 18:03
Diplomacy & Relations,7,2026-07-03 18:03
Politics & Government,2,2026-07-03 18:03
Security & Terrorism,3,2026-07-03 18:03
Global Issues,2,2026-07-03 18:03
Energy & Commodities,1,2026-07-03 18:03
Social Media & Public Opinion,1,2026-07-03 18:03
Nuclear & Security Affairs,4,2026-07-03 18:03
International Affairs,8,2026-07-03 16:42
Diplomacy & Relations,2,2026-07-03 16:42
Military & Defense,3,2026-07-03 16:42
Social Media & Public Opinion,2,2026-07-03 16:42
Nuclear & Security Affairs,2,2026-07-03 16:42
Politics & Government,2,2026-07-03 16:42
Energy & Commodities,2,2026-07-03 16:42
Regional Conflicts,2,2026-07-03 16:42
Security & Terrorism,2,2026-07-03 16:42
Energy & Commodities,2,2026-07-03 14:58
International Affairs,11,2026-07-03 14:58
Security & Terrorism,2,2026-07-03 14:58
Nuclear & Security Affairs,2,2026-07-03 14:58
Regional Conflicts,2,2026-07-03 14:58
Diplomacy & Relations,2,2026-07-03 14:58
Military & Defense,3,2026-07-03 14:58
Social Media & Public Opinion,1,2026-07-03 14:58
Military & Defense,3,2026-07-03 12:30
Security & Terrorism,2,2026-07-03 12:30
Nuclear & Security Affairs,2,2026-07-03 12:30
Social Media & Public Opinion,1,2026-07-03 12:30
Diplomacy & Relations,3,2026-07-03 12:30
International Affairs,11,2026-07-03 12:30
Regional Conflicts,3,2026-07-03 12:30
Military & Defense,3,2026-07-03 10:07
Regional Conflicts,2,2026-07-03 10:07
International Affairs,10,2026-07-03 10:07
Security & Terrorism,1,2026-07-03 10:07
Diplomacy & Relations,5,2026-07-03 10:07
Social Media & Public Opinion,1,2026-07-03 10:07
Politics & Government,1,2026-07-03 10:07
Nuclear & Security Affairs,2,2026-07-03 10:07
Security & Terrorism,1,2026-07-03 06:51
Regional Conflicts,2,2026-07-03 06:51
Politics & Government,1,2026-07-03 06:51
Nuclear & Security Affairs,3,2026-07-03 06:51
Military & Defense,2,2026-07-03 06:51
Global Issues,2,2026-07-03 06:51
Diplomacy & Relations,4,2026-07-03 06:51
International Affairs,10,2026-07-03 06:51
Nuclear & Security Affairs,2,2026-07-03 03:38
Global Issues,2,2026-07-03 03:38
International Affairs,10,2026-07-03 03:38
Politics & Government,1,2026-07-03 03:38
Military & Defense,3,2026-07-03 03:38
Diplomacy & Relations,6,2026-07-03 03:38
Security & Terrorism,1,2026-07-03 03:38
Diplomacy & Relations,7,2026-07-02 23:46
Politics & Government,2,2026-07-02 23:46
Nuclear & Security Affairs,2,2026-07-02 23:46
Global Issues,2,2026-07-02 23:46
Military & Defense,2,2026-07-02 23:46
International Affairs,9,2026-07-02 23:46
Security & Terrorism,1,2026-07-02 23:46
Diplomacy & Relations,7,2026-07-02 22:11
Politics & Government,2,2026-07-02 22:11
Global Issues,2,2026-07-02 22:11
Regional Conflicts,1,2026-07-02 22:11
Security & Terrorism,1,2026-07-02 22:11
Nuclear & Security Affairs,2,2026-07-02 22:11
International Affairs,8,2026-07-02 22:11
Military & Defense,2,2026-07-02 22:11
Regional Conflicts,1,2026-07-02 20:45
Diplomacy & Relations,7,2026-07-02 20:45
Nuclear & Security Affairs,2,2026-07-02 20:45
Politics & Government,2,2026-07-02 20:45
Security & Terrorism,1,2026-07-02 20:45
International Affairs,7,2026-07-02 20:45
Military & Defense,2,2026-07-02 20:45
Global Issues,3,2026-07-02 20:45
Politics & Government,2,2026-07-02 19:42
International Affairs,7,2026-07-02 19:42
Military & Defense,3,2026-07-02 19:42
Security & Terrorism,1,2026-07-02 19:42
Diplomacy & Relations,6,2026-07-02 19:42
Regional Conflicts,1,2026-07-02 19:42
Nuclear & Security Affairs,2,2026-07-02 19:42
Global Issues,3,2026-07-02 19:42
Global Issues,3,2026-07-02 17:56
Regional Conflicts,1,2026-07-02 17:56
Politics & Government,2,2026-07-02 17:56
Military & Defense,4,2026-07-02 17:56
Nuclear & Security Affairs,1,2026-07-02 17:56
Diplomacy & Relations,7,2026-07-02 17:56
International Affairs,7,2026-07-02 17:56
Global Issues,3,2026-07-02 15:56
International Affairs,9,2026-07-02 15:56
Politics & Government,2,2026-07-02 15:56
Diplomacy & Relations,6,2026-07-02 15:56
Nuclear & Security Affairs,1,2026-07-02 15:56
Military & Defense,4,2026-07-02 15:56
International Affairs,9,2026-07-02 13:21
Regional Conflicts,1,2026-07-02 13:21
Politics & Government,2,2026-07-02 13:21
Nuclear & Security Affairs,1,2026-07-02 13:21
Diplomacy & Relations,4,2026-07-02 13:21
Global Issues,3,2026-07-02 13:21
Military & Defense,5,2026-07-02 13:21
Regional Conflicts,1,2026-07-02 11:20
Nuclear & Security Affairs,2,2026-07-02 11:20
Military & Defense,5,2026-07-02 11:20
Politics & Government,2,2026-07-02 11:20
International Affairs,8,2026-07-02 11:20
Diplomacy & Relations,5,2026-07-02 11:20
Global Issues,2,2026-07-02 11:20
International Affairs,11,2026-07-02 08:13
Politics & Government,1,2026-07-02 08:13
Regional Conflicts,1,2026-07-02 08:13
Diplomacy & Relations,6,2026-07-02 08:13
Military & Defense,4,2026-07-02 08:13
Energy & Commodities,1,2026-07-02 08:13
Nuclear & Security Affairs,1,2026-07-02 08:13
International Affairs,11,2026-07-02 04:46
Diplomacy & Relations,6,2026-07-02 04:46
Nuclear & Security Affairs,1,2026-07-02 04:46
Military & Defense,4,2026-07-02 04:46
Regional Conflicts,1,2026-07-02 04:46
Energy & Commodities,1,2026-07-02 04:46
Global Issues,1,2026-07-02 04:46
Global Issues,1,2026-07-02 00:13
Security & Terrorism,3,2026-07-02 00:13
Politics & Government,5,2026-07-02 00:13
Energy & Commodities,2,2026-07-02 00:13
Diplomacy & Relations,18,2026-07-02 00:13
Nuclear & Security Affairs,4,2026-07-02 00:13
International Affairs,13,2026-07-02 00:13
Military & Defense,3,2026-07-02 00:13
Regional Conflicts,1,2026-07-02 00:13
Energy & Commodities,1,2026-07-01 22:53
Nuclear & Security Affairs,1,2026-07-01 22:53
Diplomacy & Relations,8,2026-07-01 22:53
Military & Defense,3,2026-07-01 22:53
International Affairs,11,2026-07-01 22:53
Regional Conflicts,1,2026-07-01 22:53
Energy & Commodities,1,2026-07-01 21:12
Regional Conflicts,1,2026-07-01 21:12
Military & Defense,3,2026-07-01 21:12
Nuclear & Security Affairs,1,2026-07-01 21:12
Diplomacy & Relations,7,2026-07-01 21:12
International Affairs,12,2026-07-01 21:12
Energy & Commodities,2,2026-07-01 19:24
Diplomacy & Relations,8,2026-07-01 19:24
International Affairs,12,2026-07-01 19:24
Regional Conflicts,1,2026-07-01 19:24
Military & Defense,2,2026-07-01 19:24
Regional Conflicts,1,2026-07-01 17:33
Politics & Government,1,2026-07-01 17:33
Energy & Commodities,2,2026-07-01 17:33
Diplomacy & Relations,7,2026-07-01 17:33
Military & Defense,2,2026-07-01 17:33
International Affairs,12,2026-07-01 17:33
Social Media & Public Opinion,1,2026-07-01 15:30
International Affairs,13,2026-07-01 15:30
Politics & Government,5,2026-07-01 15:30
Security & Terrorism,3,2026-07-01 15:30
Regional Conflicts,5,2026-07-01 15:30
Diplomacy & Relations,15,2026-07-01 15:30
Global Issues,2,2026-07-01 15:30
Nuclear & Security Affairs,1,2026-07-01 15:30
Energy & Commodities,5,2026-07-01 15:30
Nuclear & Security Affairs,1,2026-07-01 12:15
Regional Conflicts,2,2026-07-01 12:15
Diplomacy & Relations,5,2026-07-01 12:15
International Affairs,14,2026-07-01 12:15
Energy & Commodities,1,2026-07-01 12:15
Global Issues,1,2026-07-01 12:15
Security & Terrorism,1,2026-07-01 12:15
International Affairs,13,2026-07-01 09:00
Energy & Commodities,1,2026-07-01 09:00
Regional Conflicts,1,2026-07-01 09:00
Politics & Government,3,2026-07-01 09:00
Security & Terrorism,1,2026-07-01 09:00
Nuclear & Security Affairs,2,2026-07-01 09:00
Diplomacy & Relations,3,2026-07-01 09:00
Military & Defense,1,2026-07-01 09:00
Military & Defense,1,2026-07-01 05:11
Diplomacy & Relations,6,2026-07-01 05:11
Security & Terrorism,1,2026-07-01 05:11
Nuclear & Security Affairs,2,2026-07-01 05:11
Regional Conflicts,1,2026-07-01 05:11
Politics & Government,3,2026-07-01 05:11
International Affairs,11,2026-07-01 05:11
Nuclear & Security Affairs,1,2026-07-01 00:16
Regional Conflicts,1,2026-07-01 00:16
Diplomacy & Relations,4,2026-07-01 00:16
Military & Defense,2,2026-07-01 00:16
Politics & Government,3,2026-07-01 00:16
Security & Terrorism,1,2026-07-01 00:16
International Affairs,13,2026-07-01 00:16
Politics & Government,3,2026-06-30 22:57
Diplomacy & Relations,5,2026-06-30 22:57
Regional Conflicts,1,2026-06-30 22:57
International Affairs,12,2026-06-30 22:57
Military & Defense,2,2026-06-30 22:57
Nuclear & Security Affairs,1,2026-06-30 22:57
Security & Terrorism,1,2026-06-30 22:57
Regional Conflicts,1,2026-06-30 21:19
Diplomacy & Relations,5,2026-06-30 21:19
Military & Defense,1,2026-06-30 21:19
Security & Terrorism,1,2026-06-30 21:19
Politics & Government,3,2026-06-30 21:19
Nuclear & Security Affairs,1,2026-06-30 21:19
International Affairs,13,2026-06-30 21:19
International Affairs,10,2026-06-30 19:24
Nuclear & Security Affairs,1,2026-06-30 19:24
Politics & Government,3,2026-06-30 19:24
Diplomacy & Relations,7,2026-06-30 19:24
Security & Terrorism,2,2026-06-30 19:24
Military & Defense,1,2026-06-30 19:24
Regional Conflicts,1,2026-06-30 19:24
Military & Defense,1,2026-06-30 17:29
Regional Conflicts,1,2026-06-30 17:29
Politics & Government,3,2026-06-30 17:29
Security & Terrorism,2,2026-06-30 17:29
International Affairs,11,2026-06-30 17:29
Nuclear & Security Affairs,1,2026-06-30 17:29
Diplomacy & Relations,6,2026-06-30 17:29
International Affairs,10,2026-06-30 15:19
Nuclear & Security Affairs,2,2026-06-30 15:19
Military & Defense,1,2026-06-30 15:19
Diplomacy & Relations,4,2026-06-30 15:19
Security & Terrorism,2,2026-06-30 15:19
Social Media & Public Opinion,1,2026-06-30 15:19
Regional Conflicts,2,2026-06-30 15:19
Politics & Government,3,2026-06-30 15:19
Social Media & Public Opinion,1,2026-06-30 12:32
Diplomacy & Relations,5,2026-06-30 12:32
Politics & Government,3,2026-06-30 12:32
International Affairs,11,2026-06-30 12:32
Regional Conflicts,3,2026-06-30 12:32
Nuclear & Security Affairs,1,2026-06-30 12:32
Military & Defense,1,2026-06-30 12:32
Regional Conflicts,3,2026-06-30 10:19
International Affairs,9,2026-06-30 10:19
Military & Defense,1,2026-06-30 10:19
Nuclear & Security Affairs,1,2026-06-30 10:19
Diplomacy & Relations,6,2026-06-30 10:19
Energy & Commodities,1,2026-06-30 10:19
Social Media & Public Opinion,1,2026-06-30 10:19
Politics & Government,1,2026-06-30 10:19
Global Issues,2,2026-06-30 10:19
Regional Conflicts,3,2026-06-30 06:16
Global Issues,3,2026-06-30 06:16
Diplomacy & Relations,5,2026-06-30 06:16
Security & Terrorism,1,2026-06-30 06:16
International Affairs,8,2026-06-30 06:16
Social Media & Public Opinion,1,2026-06-30 06:16
Politics & Government,1,2026-06-30 06:16
Nuclear & Security Affairs,2,2026-06-30 06:16
Energy & Commodities,1,2026-06-30 06:16
Diplomacy & Relations,6,2026-06-30 01:52
Nuclear & Security Affairs,2,2026-06-30 01:52
Energy & Commodities,1,2026-06-30 01:52
International Affairs,8,2026-06-30 01:52
Global Issues,3,2026-06-30 01:52
Regional Conflicts,3,2026-06-30 01:52
Security & Terrorism,1,2026-06-30 01:52
Social Media & Public Opinion,1,2026-06-30 01:52
Energy & Commodities,2,2026-06-29 23:43
Social Media & Public Opinion,1,2026-06-29 23:43
Global Issues,2,2026-06-29 23:43
Regional Conflicts,2,2026-06-29 23:43
Nuclear & Security Affairs,2,2026-06-29 23:43
International Affairs,7,2026-06-29 23:43
Security & Terrorism,1,2026-06-29 23:43
Military & Defense,1,2026-06-29 23:43
Diplomacy & Relations,7,2026-06-29 23:43
Military & Defense,1,2026-06-29 22:41
International Affairs,7,2026-06-29 22:41
Nuclear & Security Affairs,2,2026-06-29 22:41
Social Media & Public Opinion,1,2026-06-29 22:41
Diplomacy & Relations,7,2026-06-29 22:41
Energy & Commodities,2,2026-06-29 22:41
Global Issues,2,2026-06-29 22:41
Regional Conflicts,2,2026-06-29 22:41
Security & Terrorism,1,2026-06-29 22:41
International Affairs,7,2026-06-29 21:13
Military & Defense,1,2026-06-29 21:13
Diplomacy & Relations,9,2026-06-29 21:13
Security & Terrorism,1,2026-06-29 21:13
Regional Conflicts,2,2026-06-29 21:13
Global Issues,2,2026-06-29 21:13
Nuclear & Security Affairs,1,2026-06-29 21:13
Energy & Commodities,2,2026-06-29 21:13
Nuclear & Security Affairs,1,2026-06-29 19:06
Social Media & Public Opinion,1,2026-06-29 19:06
Security & Terrorism,1,2026-06-29 19:06
Regional Conflicts,1,2026-06-29 19:06
Energy & Commodities,2,2026-06-29 19:06
Global Issues,2,2026-06-29 19:06
Diplomacy & Relations,9,2026-06-29 19:06
Military & Defense,1,2026-06-29 19:06
International Affairs,7,2026-06-29 19:06
Military & Defense,1,2026-06-29 16:54
International Affairs,6,2026-06-29 16:54
Social Media & Public Opinion,1,2026-06-29 16:54
Energy & Commodities,1,2026-06-29 16:54
Diplomacy & Relations,9,2026-06-29 16:54
Regional Conflicts,1,2026-06-29 16:54
Security & Terrorism,2,2026-06-29 16:54
Global Issues,3,2026-06-29 16:54
Nuclear & Security Affairs,1,2026-06-29 16:54
International Affairs,7,2026-06-29 13:55
Global Issues,4,2026-06-29 13:55
Politics & Government,2,2026-06-29 13:55
Social Media & Public Opinion,3,2026-06-29 13:55
Regional Conflicts,3,2026-06-29 13:55
Security & Terrorism,2,2026-06-29 13:55
Military & Defense,2,2026-06-29 13:55
Diplomacy & Relations,24,2026-06-29 13:55
Energy & Commodities,1,2026-06-29 13:55
Nuclear & Security Affairs,2,2026-06-29 13:55
Energy & Commodities,1,2026-06-29 09:19
Diplomacy & Relations,6,2026-06-29 09:19
Regional Conflicts,1,2026-06-29 09:19
Nuclear & Security Affairs,1,2026-06-29 09:19
Global Issues,3,2026-06-29 09:19
Military & Defense,2,2026-06-29 09:19
Social Media & Public Opinion,1,2026-06-29 09:19
International Affairs,10,2026-06-29 09:19
Energy & Commodities,2,2026-06-29 04:20
Military & Defense,2,2026-06-29 04:20
International Affairs,11,2026-06-29 04:20
Nuclear & Security Affairs,1,2026-06-29 04:20
Social Media & Public Opinion,1,2026-06-29 04:20
Diplomacy & Relations,6,2026-06-29 04:20
Global Issues,2,2026-06-29 04:20
Global Issues,3,2026-06-28 23:53
Nuclear & Security Affairs,1,2026-06-28 23:53
International Affairs,10,2026-06-28 23:53
Security & Terrorism,1,2026-06-28 23:53
Military & Defense,1,2026-06-28 23:53
Diplomacy & Relations,7,2026-06-28 23:53
Energy & Commodities,2,2026-06-28 23:53
Military & Defense,1,2026-06-28 22:44
Diplomacy & Relations,8,2026-06-28 22:44
Security & Terrorism,1,2026-06-28 22:44
International Affairs,9,2026-06-28 22:44
Nuclear & Security Affairs,1,2026-06-28 22:44
Global Issues,3,2026-06-28 22:44
Energy & Commodities,2,2026-06-28 22:44
Military & Defense,1,2026-06-28 21:14
Regional Conflicts,1,2026-06-28 21:14
Security & Terrorism,2,2026-06-28 21:14
Global Issues,2,2026-06-28 21:14
Diplomacy & Relations,7,2026-06-28 21:14
International Affairs,9,2026-06-28 21:14
Energy & Commodities,1,2026-06-28 21:14
Politics & Government,1,2026-06-28 21:14
Nuclear & Security Affairs,1,2026-06-28 21:14
International Affairs,8,2026-06-28 20:00
Nuclear & Security Affairs,1,2026-06-28 20:00
Global Issues,2,2026-06-28 20:00
Politics & Government,1,2026-06-28 20:00
Military & Defense,1,2026-06-28 20:00
Regional Conflicts,1,2026-06-28 20:00
Security & Terrorism,3,2026-06-28 20:00
Diplomacy & Relations,7,2026-06-28 20:00
Energy & Commodities,1,2026-06-28 20:00
Military & Defense,1,2026-06-28 18:07
Nuclear & Security Affairs,1,2026-06-28 18:07
Global Issues,4,2026-06-28 18:07
Diplomacy & Relations,6,2026-06-28 18:07
Regional Conflicts,1,2026-06-28 18:07
International Affairs,7,2026-06-28 18:07
Energy & Commodities,1,2026-06-28 18:07
Security & Terrorism,3,2026-06-28 18:07
Politics & Government,1,2026-06-28 18:07
Diplomacy & Relations,8,2026-06-28 16:48
Nuclear & Security Affairs,1,2026-06-28 16:48
International Affairs,7,2026-06-28 16:48
Politics & Government,1,2026-06-28 16:48
Energy & Commodities,1,2026-06-28 16:48
Military & Defense,1,2026-06-28 16:48
Global Issues,2,2026-06-28 16:48
Regional Conflicts,1,2026-06-28 16:48
Security & Terrorism,3,2026-06-28 16:48
Regional Conflicts,1,2026-06-28 15:21
Military & Defense,1,2026-06-28 15:21
International Affairs,7,2026-06-28 15:21
Global Issues,2,2026-06-28 15:21
Diplomacy & Relations,6,2026-06-28 15:21
Security & Terrorism,3,2026-06-28 15:21
Social Media & Public Opinion,1,2026-06-28 15:21
Nuclear & Security Affairs,1,2026-06-28 15:21
Energy & Commodities,1,2026-06-28 15:21
Politics & Government,2,2026-06-28 15:21
Nuclear & Security Affairs,1,2026-06-28 13:56
Energy & Commodities,1,2026-06-28 13:56
Security & Terrorism,3,2026-06-28 13:56
Military & Defense,1,2026-06-28 13:56
Regional Conflicts,1,2026-06-28 13:56
Social Media & Public Opinion,1,2026-06-28 13:56
International Affairs,7,2026-06-28 13:56
Global Issues,2,2026-06-28 13:56
Diplomacy & Relations,6,2026-06-28 13:56
Politics & Government,2,2026-06-28 13:56
Energy & Commodities,2,2026-06-28 11:48
Social Media & Public Opinion,2,2026-06-28 11:48
Politics & Government,3,2026-06-28 11:48
Nuclear & Security Affairs,2,2026-06-28 11:48
Diplomacy & Relations,4,2026-06-28 11:48
International Affairs,7,2026-06-28 11:48
Security & Terrorism,2,2026-06-28 11:48
Global Issues,2,2026-06-28 11:48
Military & Defense,1,2026-06-28 11:48
Nuclear & Security Affairs,1,2026-06-28 09:48
Politics & Government,3,2026-06-28 09:48
Global Issues,2,2026-06-28 09:48
Military & Defense,1,2026-06-28 09:48
Security & Terrorism,2,2026-06-28 09:48
Diplomacy & Relations,5,2026-06-28 09:48
International Affairs,7,2026-06-28 09:48
Social Media & Public Opinion,2,2026-06-28 09:48
Energy & Commodities,2,2026-06-28 09:48
Diplomacy & Relations,5,2026-06-28 06:23
Global Issues,2,2026-06-28 06:23
Politics & Government,3,2026-06-28 06:23
Military & Defense,2,2026-06-28 06:23
International Affairs,8,2026-06-28 06:23
Energy & Commodities,1,2026-06-28 06:23
Security & Terrorism,2,2026-06-28 06:23
Social Media & Public Opinion,2,2026-06-28 06:23
Global Issues,3,2026-06-28 01:53
Social Media & Public Opinion,2,2026-06-28 01:53
Security & Terrorism,2,2026-06-28 01:53
Diplomacy & Relations,4,2026-06-28 01:53
Energy & Commodities,1,2026-06-28 01:53
International Affairs,7,2026-06-28 01:53
Politics & Government,3,2026-06-28 01:53
Military & Defense,3,2026-06-28 01:53
Security & Terrorism,2,2026-06-27 23:07
Energy & Commodities,1,2026-06-27 23:07
Politics & Government,3,2026-06-27 23:07
Military & Defense,3,2026-06-27 23:07
Global Issues,3,2026-06-27 23:07
Social Media & Public Opinion,2,2026-06-27 23:07
Diplomacy & Relations,3,2026-06-27 23:07
International Affairs,8,2026-06-27 23:07
International Affairs,8,2026-06-27 21:46
Diplomacy & Relations,3,2026-06-27 21:46
Energy & Commodities,1,2026-06-27 21:46
Global Issues,3,2026-06-27 21:46
Social Media & Public Opinion,2,2026-06-27 21:46
Military & Defense,3,2026-06-27 21:46
Nuclear & Security Affairs,1,2026-06-27 21:46
Politics & Government,3,2026-06-27 21:46
Security & Terrorism,1,2026-06-27 21:46
Diplomacy & Relations,4,2026-06-27 20:43
Security & Terrorism,1,2026-06-27 20:43
Military & Defense,3,2026-06-27 20:43
Energy & Commodities,1,2026-06-27 20:43
Politics & Government,3,2026-06-27 20:43
Social Media & Public Opinion,4,2026-06-27 20:43
Global Issues,1,2026-06-27 20:43
International Affairs,8,2026-06-27 20:43
Military & Defense,3,2026-06-27 19:26
Social Media & Public Opinion,4,2026-06-27 19:26
Diplomacy & Relations,3,2026-06-27 19:26
Politics & Government,3,2026-06-27 19:26
International Affairs,8,2026-06-27 19:26
Security & Terrorism,1,2026-06-27 19:26
Energy & Commodities,1,2026-06-27 19:26
Global Issues,1,2026-06-27 19:26
Nuclear & Security Affairs,1,2026-06-27 19:26
Security & Terrorism,1,2026-06-27 17:46
Politics & Government,3,2026-06-27 17:46
Social Media & Public Opinion,4,2026-06-27 17:46
Military & Defense,3,2026-06-27 17:46
Diplomacy & Relations,4,2026-06-27 17:46
Global Issues,1,2026-06-27 17:46
Nuclear & Security Affairs,1,2026-06-27 17:46
International Affairs,8,2026-06-27 17:46
Military & Defense,3,2026-06-27 16:08
Social Media & Public Opinion,2,2026-06-27 16:08
Security & Terrorism,2,2026-06-27 16:08
Diplomacy & Relations,4,2026-06-27 16:08
Nuclear & Security Affairs,1,2026-06-27 16:08
Politics & Government,2,2026-06-27 16:08
Global Issues,1,2026-06-27 16:08
International Affairs,10,2026-06-27 16:08
Politics & Government,2,2026-06-27 14:50
International Affairs,9,2026-06-27 14:50
Regional Conflicts,1,2026-06-27 14:50
Diplomacy & Relations,4,2026-06-27 14:50
Military & Defense,4,2026-06-27 14:50
Nuclear & Security Affairs,1,2026-06-27 14:50
Security & Terrorism,1,2026-06-27 14:50
Global Issues,1,2026-06-27 14:50
Social Media & Public Opinion,2,2026-06-27 14:50
Security & Terrorism,2,2026-06-27 12:57
International Affairs,9,2026-06-27 12:57
Politics & Government,3,2026-06-27 12:57
Nuclear & Security Affairs,2,2026-06-27 12:57
Social Media & Public Opinion,2,2026-06-27 12:57
Military & Defense,3,2026-06-27 12:57
Diplomacy & Relations,4,2026-06-27 12:57
Regional Conflicts,1,2026-06-27 11:38
Social Media & Public Opinion,2,2026-06-27 11:38
Security & Terrorism,2,2026-06-27 11:38
International Affairs,9,2026-06-27 11:38
Global Issues,1,2026-06-27 11:38
Nuclear & Security Affairs,1,2026-06-27 11:38
Politics & Government,1,2026-06-27 11:38
Diplomacy & Relations,5,2026-06-27 11:38
Military & Defense,3,2026-06-27 11:38
Nuclear & Security Affairs,1,2026-06-27 09:51
Global Issues,1,2026-06-27 09:51
Security & Terrorism,2,2026-06-27 09:51
Regional Conflicts,1,2026-06-27 09:51
Military & Defense,3,2026-06-27 09:51
Diplomacy & Relations,4,2026-06-27 09:51
Social Media & Public Opinion,2,2026-06-27 09:51
International Affairs,9,2026-06-27 09:51
Politics & Government,2,2026-06-27 09:51
Diplomacy & Relations,3,2026-06-27 07:40
Social Media & Public Opinion,2,2026-06-27 07:40
Military & Defense,3,2026-06-27 07:40
Regional Conflicts,1,2026-06-27 07:40
International Affairs,9,2026-06-27 07:40
Nuclear & Security Affairs,2,2026-06-27 07:40
Global Issues,1,2026-06-27 07:40
Politics & Government,2,2026-06-27 07:40
Security & Terrorism,2,2026-06-27 07:40
Politics & Government,2,2026-06-27 04:40
Social Media & Public Opinion,2,2026-06-27 04:40
Diplomacy & Relations,3,2026-06-27 04:40
Energy & Commodities,1,2026-06-27 04:40
International Affairs,11,2026-06-27 04:40
Nuclear & Security Affairs,2,2026-06-27 04:40
Military & Defense,1,2026-06-27 04:40
Global Issues,1,2026-06-27 04:40
Security & Terrorism,2,2026-06-27 04:40
Social Media & Public Opinion,1,2026-06-27 00:12
International Affairs,10,2026-06-27 00:12
Energy & Commodities,1,2026-06-27 00:12
Diplomacy & Relations,4,2026-06-27 00:12
Global Issues,1,2026-06-27 00:12
Security & Terrorism,4,2026-06-27 00:12
Nuclear & Security Affairs,2,2026-06-27 00:12
Politics & Government,2,2026-06-27 00:12
Security & Terrorism,4,2026-06-26 22:51
Nuclear & Security Affairs,2,2026-06-26 22:51
International Affairs,10,2026-06-26 22:51
Energy & Commodities,1,2026-06-26 22:51
Diplomacy & Relations,5,2026-06-26 22:51
Social Media & Public Opinion,1,2026-06-26 22:51
Politics & Government,2,2026-06-26 22:51
Politics & Government,2,2026-06-26 21:09
International Affairs,11,2026-06-26 21:09
Diplomacy & Relations,5,2026-06-26 21:09
Energy & Commodities,2,2026-06-26 21:09
Security & Terrorism,3,2026-06-26 21:09
Nuclear & Security Affairs,2,2026-06-26 21:09
International Affairs,11,2026-06-26 19:23
Energy & Commodities,2,2026-06-26 19:23
Security & Terrorism,2,2026-06-26 19:23
Diplomacy & Relations,6,2026-06-26 19:23
Nuclear & Security Affairs,2,2026-06-26 19:23
Politics & Government,2,2026-06-26 19:23
Diplomacy & Relations,7,2026-06-26 17:24
Security & Terrorism,2,2026-06-26 17:24
Politics & Government,1,2026-06-26 17:24
Nuclear & Security Affairs,1,2026-06-26 17:24
International Affairs,12,2026-06-26 17:24
Energy & Commodities,2,2026-06-26 17:24
Diplomacy & Relations,9,2026-06-26 15:17
Politics & Government,1,2026-06-26 15:17
International Affairs,11,2026-06-26 15:17
Security & Terrorism,1,2026-06-26 15:17
Energy & Commodities,3,2026-06-26 15:17
International Affairs,12,2026-06-26 12:34
Regional Conflicts,1,2026-06-26 12:34
Military & Defense,2,2026-06-26 12:34
Energy & Commodities,1,2026-06-26 12:34
Diplomacy & Relations,7,2026-06-26 12:34
Global Issues,1,2026-06-26 12:34
Security & Terrorism,1,2026-06-26 12:34
Security & Terrorism,1,2026-06-26 10:01
International Affairs,12,2026-06-26 10:01
Diplomacy & Relations,9,2026-06-26 10:01
Military & Defense,3,2026-06-26 10:01
Military & Defense,3,2026-06-26 06:15
International Affairs,12,2026-06-26 06:15
Diplomacy & Relations,9,2026-06-26 06:15
Security & Terrorism,1,2026-06-26 06:15
Military & Defense,3,2026-06-26 01:53
International Affairs,10,2026-06-26 01:53
Diplomacy & Relations,8,2026-06-26 01:53
Security & Terrorism,2,2026-06-26 01:53
Energy & Commodities,2,2026-06-26 01:53
Global Issues,3,2026-06-25 23:03
Regional Conflicts,6,2026-06-25 23:03
Diplomacy & Relations,15,2026-06-25 23:03
Military & Defense,6,2026-06-25 23:03
Nuclear & Security Affairs,2,2026-06-25 23:03
Energy & Commodities,3,2026-06-25 23:03
Politics & Government,3,2026-06-25 23:03
Security & Terrorism,2,2026-06-25 23:03
International Affairs,10,2026-06-25 23:03
Security & Terrorism,1,2026-06-25 21:01
Global Issues,2,2026-06-25 21:01
Social Media & Public Opinion,1,2026-06-25 21:01
Diplomacy & Relations,6,2026-06-25 21:01
Nuclear & Security Affairs,1,2026-06-25 21:01
International Affairs,9,2026-06-25 21:01
Energy & Commodities,2,2026-06-25 21:01
Military & Defense,3,2026-06-25 21:01
Social Media & Public Opinion,1,2026-06-25 18:57
International Affairs,10,2026-06-25 18:57
Military & Defense,2,2026-06-25 18:57
Energy & Commodities,2,2026-06-25 18:57
Nuclear & Security Affairs,1,2026-06-25 18:57
Security & Terrorism,1,2026-06-25 18:57
Global Issues,2,2026-06-25 18:57
Diplomacy & Relations,6,2026-06-25 18:57
Military & Defense,1,2026-06-25 16:10
Global Issues,2,2026-06-25 16:10
Energy & Commodities,2,2026-06-25 16:10
International Affairs,11,2026-06-25 16:10
Diplomacy & Relations,5,2026-06-25 16:10
Security & Terrorism,1,2026-06-25 16:10
Nuclear & Security Affairs,1,2026-06-25 16:10
Social Media & Public Opinion,2,2026-06-25 16:10
Social Media & Public Opinion,1,2026-06-25 13:22
Security & Terrorism,1,2026-06-25 13:22
Military & Defense,2,2026-06-25 13:22
Diplomacy & Relations,8,2026-06-25 13:22
International Affairs,10,2026-06-25 13:22
Nuclear & Security Affairs,1,2026-06-25 13:22
Energy & Commodities,2,2026-06-25 13:22
Diplomacy & Relations,8,2026-06-25 10:46
Energy & Commodities,3,2026-06-25 10:46
International Affairs,8,2026-06-25 10:46
Social Media & Public Opinion,1,2026-06-25 10:46
Military & Defense,1,2026-06-25 10:46
Nuclear & Security Affairs,1,2026-06-25 10:46
Security & Terrorism,2,2026-06-25 10:46
Global Issues,1,2026-06-25 10:46
Security & Terrorism,3,2026-06-25 07:52
International Affairs,7,2026-06-25 07:52
Nuclear & Security Affairs,1,2026-06-25 07:52
Diplomacy & Relations,8,2026-06-25 07:52
Energy & Commodities,4,2026-06-25 07:52
Social Media & Public Opinion,1,2026-06-25 07:52
Global Issues,1,2026-06-25 07:52
Military & Defense,1,2026-06-25 03:58
Energy & Commodities,5,2026-06-25 03:58
Social Media & Public Opinion,2,2026-06-25 03:58
International Affairs,6,2026-06-25 03:58
Diplomacy & Relations,5,2026-06-25 03:58
Nuclear & Security Affairs,1,2026-06-25 03:58
Global Issues,2,2026-06-25 03:58
Security & Terrorism,3,2026-06-25 03:58
Security & Terrorism,4,2026-06-24 23:50
Military & Defense,2,2026-06-24 23:50
Social Media & Public Opinion,1,2026-06-24 23:50
Global Issues,2,2026-06-24 23:50
Nuclear & Security Affairs,1,2026-06-24 23:50
International Affairs,7,2026-06-24 23:50
Diplomacy & Relations,3,2026-06-24 23:50
Energy & Commodities,5,2026-06-24 23:50
Nuclear & Security Affairs,1,2026-06-24 22:01
Security & Terrorism,3,2026-06-24 22:01
Energy & Commodities,4,2026-06-24 22:01
Military & Defense,4,2026-06-24 22:01
Diplomacy & Relations,3,2026-06-24 22:01
Global Issues,1,2026-06-24 22:01
International Affairs,9,2026-06-24 22:01
Military & Defense,4,2026-06-24 20:23
International Affairs,9,2026-06-24 20:23
Global Issues,1,2026-06-24 20:23
Security & Terrorism,3,2026-06-24 20:23
Diplomacy & Relations,5,2026-06-24 20:23
Energy & Commodities,3,2026-06-24 20:23
Military & Defense,11,2026-06-24 18:23
Diplomacy & Relations,10,2026-06-24 18:23
Regional Conflicts,1,2026-06-24 18:23
Security & Terrorism,6,2026-06-24 18:23
Global Issues,3,2026-06-24 18:23
International Affairs,11,2026-06-24 18:23
Nuclear & Security Affairs,1,2026-06-24 18:23
Energy & Commodities,5,2026-06-24 18:23
Social Media & Public Opinion,1,2026-06-24 18:23
Politics & Government,1,2026-06-24 18:23
Military & Defense,4,2026-06-24 16:24
Diplomacy & Relations,6,2026-06-24 16:24
Security & Terrorism,2,2026-06-24 16:24
International Affairs,9,2026-06-24 16:24
Energy & Commodities,3,2026-06-24 16:24
Global Issues,1,2026-06-24 16:24
Global Issues,1,2026-06-24 13:55
Diplomacy & Relations,6,2026-06-24 13:55
Energy & Commodities,1,2026-06-24 13:55
Security & Terrorism,2,2026-06-24 13:55
International Affairs,12,2026-06-24 13:55
Military & Defense,3,2026-06-24 13:55
Diplomacy & Relations,7,2026-06-24 11:30
Security & Terrorism,3,2026-06-24 11:30
Military & Defense,2,2026-06-24 11:30
International Affairs,11,2026-06-24 11:30
Energy & Commodities,1,2026-06-24 11:30
Nuclear & Security Affairs,1,2026-06-24 11:30
Nuclear & Security Affairs,1,2026-06-24 08:24
Energy & Commodities,1,2026-06-24 08:24
International Affairs,12,2026-06-24 08:24
Diplomacy & Relations,5,2026-06-24 08:24
Regional Conflicts,1,2026-06-24 08:24
Security & Terrorism,2,2026-06-24 08:24
Military & Defense,1,2026-06-24 08:24
Global Issues,2,2026-06-24 08:24
Diplomacy & Relations,5,2026-06-24 04:52
Energy & Commodities,1,2026-06-24 04:52
Nuclear & Security Affairs,1,2026-06-24 04:52
Global Issues,2,2026-06-24 04:52
Regional Conflicts,4,2026-06-24 04:52
Security & Terrorism,1,2026-06-24 04:52
International Affairs,11,2026-06-24 04:52
Security & Terrorism,1,2026-06-24 00:02
Global Issues,3,2026-06-24 00:02
Energy & Commodities,1,2026-06-24 00:02
Nuclear & Security Affairs,3,2026-06-24 00:02
Regional Conflicts,3,2026-06-24 00:02
Diplomacy & Relations,3,2026-06-24 00:02
International Affairs,11,2026-06-24 00:02
Energy & Commodities,1,2026-06-23 22:53
Security & Terrorism,1,2026-06-23 22:53
Nuclear & Security Affairs,3,2026-06-23 22:53
Regional Conflicts,4,2026-06-23 22:53
International Affairs,10,2026-06-23 22:53
Diplomacy & Relations,3,2026-06-23 22:53
Global Issues,3,2026-06-23 22:53
Global Issues,3,2026-06-23 21:20
Security & Terrorism,1,2026-06-23 21:20
Diplomacy & Relations,3,2026-06-23 21:20
Energy & Commodities,1,2026-06-23 21:20
Regional Conflicts,4,2026-06-23 21:20
Nuclear & Security Affairs,3,2026-06-23 21:20
International Affairs,10,2026-06-23 21:20
Global Issues,4,2026-06-23 19:32
Security & Terrorism,2,2026-06-23 19:32
International Affairs,8,2026-06-23 19:32
Energy & Commodities,1,2026-06-23 19:32
Diplomacy & Relations,3,2026-06-23 19:32
Military & Defense,1,2026-06-23 19:32
Nuclear & Security Affairs,3,2026-06-23 19:32
Regional Conflicts,3,2026-06-23 19:32
Regional Conflicts,3,2026-06-23 17:06
Energy & Commodities,1,2026-06-23 17:06
Military & Defense,2,2026-06-23 17:06
International Affairs,7,2026-06-23 17:06
Security & Terrorism,1,2026-06-23 17:06
Global Issues,4,2026-06-23 17:06
Diplomacy & Relations,4,2026-06-23 17:06
Nuclear & Security Affairs,3,2026-06-23 17:06
Security & Terrorism,2,2026-06-23 14:06
Social Media & Public Opinion,1,2026-06-23 14:06
Energy & Commodities,1,2026-06-23 14:06
International Affairs,6,2026-06-23 14:06
Diplomacy & Relations,7,2026-06-23 14:06
Nuclear & Security Affairs,1,2026-06-23 14:06
Global Issues,2,2026-06-23 14:06
Military & Defense,3,2026-06-23 14:06
Regional Conflicts,2,2026-06-23 14:06
Nuclear & Security Affairs,2,2026-06-23 11:23
Global Issues,1,2026-06-23 11:23
Military & Defense,3,2026-06-23 11:23
Social Media & Public Opinion,1,2026-06-23 11:23
Energy & Commodities,1,2026-06-23 11:23
International Affairs,7,2026-06-23 11:23
Regional Conflicts,1,2026-06-23 11:23
Diplomacy & Relations,7,2026-06-23 11:23
Security & Terrorism,2,2026-06-23 11:23
Nuclear & Security Affairs,1,2026-06-23 07:56
Global Issues,1,2026-06-23 07:56
Security & Terrorism,1,2026-06-23 07:56
Military & Defense,3,2026-06-23 07:56
Energy & Commodities,1,2026-06-23 07:56
International Affairs,7,2026-06-23 07:56
Social Media & Public Opinion,1,2026-06-23 07:56
Regional Conflicts,1,2026-06-23 07:56
Diplomacy & Relations,9,2026-06-23 07:56
Politics & Government,1,2026-06-23 03:59
Regional Conflicts,1,2026-06-23 03:59
Global Issues,1,2026-06-23 03:59
Military & Defense,2,2026-06-23 03:59
Social Media & Public Opinion,1,2026-06-23 03:59
Energy & Commodities,1,2026-06-23 03:59
International Affairs,5,2026-06-23 03:59
Nuclear & Security Affairs,1,2026-06-23 03:59
Diplomacy & Relations,11,2026-06-23 03:59
Security & Terrorism,1,2026-06-23 03:59
Global Issues,2,2026-06-22 23:55
Politics & Government,1,2026-06-22 23:55
Military & Defense,1,2026-06-22 23:55
Nuclear & Security Affairs,1,2026-06-22 23:55
Diplomacy & Relations,8,2026-06-22 23:55
Social Media & Public Opinion,1,2026-06-22 23:55
Security & Terrorism,1,2026-06-22 23:55
International Affairs,8,2026-06-22 23:55
Energy & Commodities,2,2026-06-22 23:55
Social Media & Public Opinion,1,2026-06-22 22:10
Energy & Commodities,2,2026-06-22 22:10
Diplomacy & Relations,7,2026-06-22 22:10
Regional Conflicts,1,2026-06-22 22:10
Security & Terrorism,1,2026-06-22 22:10
Nuclear & Security Affairs,2,2026-06-22 22:10
International Affairs,8,2026-06-22 22:10
Military & Defense,1,2026-06-22 22:10
Politics & Government,1,2026-06-22 22:10
Global Issues,1,2026-06-22 22:10
Regional Conflicts,1,2026-06-22 19:57
Energy & Commodities,1,2026-06-22 19:57
Security & Terrorism,2,2026-06-22 19:57
International Affairs,8,2026-06-22 19:57
Social Media & Public Opinion,2,2026-06-22 19:57
Politics & Government,1,2026-06-22 19:57
Diplomacy & Relations,7,2026-06-22 19:57
Nuclear & Security Affairs,3,2026-06-22 19:57
Energy & Commodities,2,2026-06-22 16:18
Military & Defense,1,2026-06-22 16:18
Politics & Government,1,2026-06-22 16:18
Nuclear & Security Affairs,3,2026-06-22 16:18
Diplomacy & Relations,6,2026-06-22 16:18
Regional Conflicts,1,2026-06-22 16:18
Social Media & Public Opinion,1,2026-06-22 16:18
International Affairs,8,2026-06-22 16:18
Security & Terrorism,2,2026-06-22 16:18
Energy & Commodities,1,2026-06-22 11:22
Social Media & Public Opinion,1,2026-06-22 11:22
Security & Terrorism,3,2026-06-22 11:22
Politics & Government,1,2026-06-22 11:22
Nuclear & Security Affairs,5,2026-06-22 11:22
Diplomacy & Relations,5,2026-06-22 11:22
International Affairs,8,2026-06-22 11:22
Military & Defense,1,2026-06-22 11:22
Regional Conflicts,1,2026-06-22 05:22
Global Issues,2,2026-06-22 05:22
Diplomacy & Relations,7,2026-06-22 05:22
International Affairs,6,2026-06-22 05:22
Social Media & Public Opinion,1,2026-06-22 05:22
Military & Defense,3,2026-06-22 05:22
Energy & Commodities,1,2026-06-22 05:22
Politics & Government,1,2026-06-22 05:22
Nuclear & Security Affairs,3,2026-06-22 05:22
Nuclear & Security Affairs,2,2026-06-21 23:58
Diplomacy & Relations,6,2026-06-21 23:58
International Affairs,5,2026-06-21 23:58
Military & Defense,2,2026-06-21 23:58
Regional Conflicts,3,2026-06-21 23:58
Global Issues,3,2026-06-21 23:58
Social Media & Public Opinion,2,2026-06-21 23:58
Politics & Government,2,2026-06-21 23:58
Social Media & Public Opinion,2,2026-06-21 22:21
Politics & Government,1,2026-06-21 22:21
Nuclear & Security Affairs,2,2026-06-21 22:21
International Affairs,6,2026-06-21 22:21
Diplomacy & Relations,6,2026-06-21 22:21
Regional Conflicts,3,2026-06-21 22:21
Global Issues,3,2026-06-21 22:21
Military & Defense,2,2026-06-21 22:21
International Affairs,5,2026-06-21 20:58
Social Media & Public Opinion,2,2026-06-21 20:58
Politics & Government,1,2026-06-21 20:58
Global Issues,3,2026-06-21 20:58
Energy & Commodities,3,2026-06-21 20:58
Diplomacy & Relations,5,2026-06-21 20:58
Regional Conflicts,4,2026-06-21 20:58
Military & Defense,2,2026-06-21 20:58
Regional Conflicts,4,2026-06-21 19:06
Diplomacy & Relations,11,2026-06-21 19:06
Global Issues,5,2026-06-21 19:06
International Affairs,7,2026-06-21 19:06
Social Media & Public Opinion,5,2026-06-21 19:06
Politics & Government,4,2026-06-21 19:06
Military & Defense,6,2026-06-21 19:06
Security & Terrorism,2,2026-06-21 19:06
Nuclear & Security Affairs,1,2026-06-21 19:06
Energy & Commodities,5,2026-06-21 19:06
Military & Defense,1,2026-06-21 17:11
Social Media & Public Opinion,1,2026-06-21 17:11
Energy & Commodities,2,2026-06-21 17:11
Regional Conflicts,6,2026-06-21 17:11
International Affairs,6,2026-06-21 17:11
Politics & Government,2,2026-06-21 17:11
Diplomacy & Relations,4,2026-06-21 17:11
Global Issues,3,2026-06-21 17:11
Regional Conflicts,5,2026-06-21 15:30
Military & Defense,2,2026-06-21 15:30
Diplomacy & Relations,6,2026-06-21 15:30
Social Media & Public Opinion,1,2026-06-21 15:30
International Affairs,3,2026-06-21 15:30
Global Issues,3,2026-06-21 15:30
Nuclear & Security Affairs,1,2026-06-21 15:30
Politics & Government,2,2026-06-21 15:30
Energy & Commodities,2,2026-06-21 15:30
Regional Conflicts,5,2026-06-21 13:11
International Affairs,3,2026-06-21 13:11
Energy & Commodities,1,2026-06-21 13:11
Global Issues,4,2026-06-21 13:11
Politics & Government,1,2026-06-21 13:11
Military & Defense,2,2026-06-21 13:11
Social Media & Public Opinion,1,2026-06-21 13:11
Diplomacy & Relations,7,2026-06-21 13:11
Security & Terrorism,1,2026-06-21 13:11
Security & Terrorism,1,2026-06-21 10:55
Energy & Commodities,1,2026-06-21 10:55
Regional Conflicts,6,2026-06-21 10:55
Social Media & Public Opinion,1,2026-06-21 10:55
Military & Defense,2,2026-06-21 10:55
International Affairs,4,2026-06-21 10:55
Global Issues,3,2026-06-21 10:55
Politics & Government,1,2026-06-21 10:55
Diplomacy & Relations,6,2026-06-21 10:55
Politics & Government,1,2026-06-21 07:20
Regional Conflicts,5,2026-06-21 07:20
Social Media & Public Opinion,2,2026-06-21 07:20
Military & Defense,1,2026-06-21 07:20
Diplomacy & Relations,6,2026-06-21 07:20
International Affairs,6,2026-06-21 07:20
Security & Terrorism,1,2026-06-21 07:20
Global Issues,3,2026-06-21 07:20
Politics & Government,1,2026-06-21 02:06
International Affairs,3,2026-06-21 02:06
Diplomacy & Relations,8,2026-06-21 02:06
Military & Defense,1,2026-06-21 02:06
Energy & Commodities,1,2026-06-21 02:06
Regional Conflicts,5,2026-06-21 02:06
Global Issues,1,2026-06-21 02:06
Social Media & Public Opinion,3,2026-06-21 02:06
Security & Terrorism,2,2026-06-21 02:06
Security & Terrorism,2,2026-06-20 23:12
Regional Conflicts,4,2026-06-20 23:12
Energy & Commodities,1,2026-06-20 23:12
Global Issues,2,2026-06-20 23:12
Military & Defense,1,2026-06-20 23:12
Social Media & Public Opinion,2,2026-06-20 23:12
Politics & Government,1,2026-06-20 23:12
International Affairs,3,2026-06-20 23:12
Diplomacy & Relations,8,2026-06-20 23:12
Nuclear & Security Affairs,1,2026-06-20 23:12
Politics & Government,1,2026-06-20 21:54
International Affairs,4,2026-06-20 21:54
Security & Terrorism,2,2026-06-20 21:54
Regional Conflicts,3,2026-06-20 21:54
Military & Defense,1,2026-06-20 21:54
Energy & Commodities,1,2026-06-20 21:54
Diplomacy & Relations,9,2026-06-20 21:54
Global Issues,2,2026-06-20 21:54
Social Media & Public Opinion,1,2026-06-20 21:54
Nuclear & Security Affairs,1,2026-06-20 21:54
Nuclear & Security Affairs,1,2026-06-20 20:07
International Affairs,6,2026-06-20 20:07
Military & Defense,1,2026-06-20 20:07
Social Media & Public Opinion,3,2026-06-20 20:07
Security & Terrorism,2,2026-06-20 20:07
Regional Conflicts,2,2026-06-20 20:07
Diplomacy & Relations,8,2026-06-20 20:07
Politics & Government,1,2026-06-20 20:07
Energy & Commodities,1,2026-06-20 20:07
Diplomacy & Relations,8,2026-06-20 18:00
Security & Terrorism,2,2026-06-20 18:00
Social Media & Public Opinion,3,2026-06-20 18:00
Nuclear & Security Affairs,2,2026-06-20 18:00
Military & Defense,1,2026-06-20 18:00
Global Issues,2,2026-06-20 18:00
Energy & Commodities,1,2026-06-20 18:00
International Affairs,5,2026-06-20 18:00
Regional Conflicts,1,2026-06-20 18:00
International Affairs,7,2026-06-20 16:07
Regional Conflicts,2,2026-06-20 16:07
Security & Terrorism,2,2026-06-20 16:07
Military & Defense,2,2026-06-20 16:07
Nuclear & Security Affairs,2,2026-06-20 16:07
Social Media & Public Opinion,3,2026-06-20 16:07
Diplomacy & Relations,6,2026-06-20 16:07
Energy & Commodities,1,2026-06-20 16:07
Regional Conflicts,2,2026-06-20 14:26
Diplomacy & Relations,5,2026-06-20 14:26
Security & Terrorism,2,2026-06-20 14:26
Social Media & Public Opinion,4,2026-06-20 14:26
Nuclear & Security Affairs,2,2026-06-20 14:26
Military & Defense,1,2026-06-20 14:26
Energy & Commodities,2,2026-06-20 14:26
International Affairs,7,2026-06-20 14:26
Security & Terrorism,5,2026-06-20 12:00
Nuclear & Security Affairs,3,2026-06-20 12:00
International Affairs,10,2026-06-20 12:00
Regional Conflicts,2,2026-06-20 12:00
Politics & Government,1,2026-06-20 12:00
Global Issues,1,2026-06-20 12:00
Social Media & Public Opinion,7,2026-06-20 12:00
Military & Defense,4,2026-06-20 12:00
Energy & Commodities,3,2026-06-20 12:00
Diplomacy & Relations,14,2026-06-20 12:00
International Affairs,6,2026-06-20 09:53
Global Issues,1,2026-06-20 09:53
Diplomacy & Relations,6,2026-06-20 09:53
Security & Terrorism,2,2026-06-20 09:53
Regional Conflicts,1,2026-06-20 09:53
Nuclear & Security Affairs,1,2026-06-20 09:53
Social Media & Public Opinion,4,2026-06-20 09:53
Energy & Commodities,1,2026-06-20 09:53
Military & Defense,2,2026-06-20 09:53
Politics & Government,1,2026-06-20 09:53
Diplomacy & Relations,5,2026-06-20 06:26
Military & Defense,2,2026-06-20 06:26
Politics & Government,1,2026-06-20 06:26
Global Issues,3,2026-06-20 06:26
Security & Terrorism,1,2026-06-20 06:26
International Affairs,7,2026-06-20 06:26
Nuclear & Security Affairs,1,2026-06-20 06:26
Energy & Commodities,1,2026-06-20 06:26
Social Media & Public Opinion,3,2026-06-20 06:26
Regional Conflicts,1,2026-06-20 06:26
Global Issues,2,2026-06-20 01:52
Energy & Commodities,1,2026-06-20 01:52
International Affairs,6,2026-06-20 01:52
Regional Conflicts,2,2026-06-20 01:52
Security & Terrorism,1,2026-06-20 01:52
Military & Defense,1,2026-06-20 01:52
Nuclear & Security Affairs,1,2026-06-20 01:52
Politics & Government,1,2026-06-20 01:52
Diplomacy & Relations,7,2026-06-20 01:52
Social Media & Public Opinion,3,2026-06-20 01:52
Energy & Commodities,1,2026-06-19 23:02
Military & Defense,1,2026-06-19 23:02
Nuclear & Security Affairs,1,2026-06-19 23:02
Regional Conflicts,3,2026-06-19 23:02
Social Media & Public Opinion,2,2026-06-19 23:02
Politics & Government,1,2026-06-19 23:02
Global Issues,2,2026-06-19 23:02
Security & Terrorism,1,2026-06-19 23:02
Diplomacy & Relations,7,2026-06-19 23:02
International Affairs,6,2026-06-19 23:02
Social Media & Public Opinion,2,2026-06-19 21:50
Security & Terrorism,1,2026-06-19 21:50
Energy & Commodities,1,2026-06-19 21:50
Nuclear & Security Affairs,1,2026-06-19 21:50
Regional Conflicts,2,2026-06-19 21:50
Diplomacy & Relations,7,2026-06-19 21:50
International Affairs,6,2026-06-19 21:50
Politics & Government,2,2026-06-19 21:50
Military & Defense,1,2026-06-19 21:50
Global Issues,2,2026-06-19 21:50
Regional Conflicts,3,2026-06-19 20:21
Military & Defense,2,2026-06-19 20:21
Politics & Government,1,2026-06-19 20:21
Diplomacy & Relations,7,2026-06-19 20:21
Nuclear & Security Affairs,1,2026-06-19 20:21
Energy & Commodities,1,2026-06-19 20:21
Security & Terrorism,1,2026-06-19 20:21
International Affairs,5,2026-06-19 20:21
Social Media & Public Opinion,2,2026-06-19 20:21
Global Issues,2,2026-06-19 20:21
Diplomacy & Relations,9,2026-06-19 18:23
Military & Defense,2,2026-06-19 18:23
International Affairs,3,2026-06-19 18:23
Regional Conflicts,3,2026-06-19 18:23
Social Media & Public Opinion,1,2026-06-19 18:23
Global Issues,2,2026-06-19 18:23
Energy & Commodities,2,2026-06-19 18:23
Security & Terrorism,2,2026-06-19 18:23
Politics & Government,1,2026-06-19 18:23
Politics & Government,2,2026-06-19 16:22
Social Media & Public Opinion,2,2026-06-19 16:22
Diplomacy & Relations,8,2026-06-19 16:22
Energy & Commodities,1,2026-06-19 16:22
Military & Defense,2,2026-06-19 16:22
Security & Terrorism,2,2026-06-19 16:22
International Affairs,4,2026-06-19 16:22
Regional Conflicts,3,2026-06-19 16:22
Global Issues,1,2026-06-19 16:22
Nuclear & Security Affairs,1,2026-06-19 13:37
Regional Conflicts,3,2026-06-19 13:37
International Affairs,6,2026-06-19 13:37
Social Media & Public Opinion,1,2026-06-19 13:37
Global Issues,1,2026-06-19 13:37
Politics & Government,2,2026-06-19 13:37
Military & Defense,4,2026-06-19 13:37
Diplomacy & Relations,7,2026-06-19 13:37
Politics & Government,1,2026-06-19 09:46
Regional Conflicts,4,2026-06-19 09:46
International Affairs,4,2026-06-19 09:46
Nuclear & Security Affairs,3,2026-06-19 09:46
Military & Defense,5,2026-06-19 09:46
Global Issues,1,2026-06-19 09:46
Security & Terrorism,1,2026-06-19 09:46
Diplomacy & Relations,6,2026-06-19 09:46
Energy & Commodities,2,2026-06-19 04:50
Military & Defense,8,2026-06-19 04:50
Regional Conflicts,5,2026-06-19 04:50
Social Media & Public Opinion,3,2026-06-19 04:50
International Affairs,6,2026-06-19 04:50
Diplomacy & Relations,12,2026-06-19 04:50
Security & Terrorism,5,2026-06-19 04:50
Politics & Government,3,2026-06-19 04:50
Nuclear & Security Affairs,6,2026-06-19 04:50
Diplomacy & Relations,5,2026-06-18 23:48
Military & Defense,4,2026-06-18 23:48
Energy & Commodities,1,2026-06-18 23:48
International Affairs,5,2026-06-18 23:48
Politics & Government,1,2026-06-18 23:48
Regional Conflicts,3,2026-06-18 23:48
Security & Terrorism,3,2026-06-18 23:48
Nuclear & Security Affairs,3,2026-06-18 23:48
Politics & Government,1,2026-06-18 21:51
Regional Conflicts,1,2026-06-18 21:51
Security & Terrorism,2,2026-06-18 21:51
International Affairs,7,2026-06-18 21:51
Energy & Commodities,3,2026-06-18 21:51
Diplomacy & Relations,3,2026-06-18 21:51
Military & Defense,3,2026-06-18 21:51
Social Media & Public Opinion,1,2026-06-18 21:51
Nuclear & Security Affairs,4,2026-06-18 21:51
Regional Conflicts,1,2026-06-18 19:33
Nuclear & Security Affairs,4,2026-06-18 19:33
Social Media & Public Opinion,1,2026-06-18 19:33
Politics & Government,1,2026-06-18 19:33
International Affairs,8,2026-06-18 19:33
Security & Terrorism,2,2026-06-18 19:33
Military & Defense,2,2026-06-18 19:33
Energy & Commodities,3,2026-06-18 19:33
Diplomacy & Relations,3,2026-06-18 19:33
Regional Conflicts,2,2026-06-18 16:47
Nuclear & Security Affairs,3,2026-06-18 16:47
Energy & Commodities,4,2026-06-18 16:47
Social Media & Public Opinion,2,2026-06-18 16:47
Security & Terrorism,3,2026-06-18 16:47
International Affairs,7,2026-06-18 16:47
Diplomacy & Relations,3,2026-06-18 16:47
Military & Defense,1,2026-06-18 16:47
Energy & Commodities,4,2026-06-18 13:36
Social Media & Public Opinion,1,2026-06-18 13:36
Security & Terrorism,1,2026-06-18 13:36
Regional Conflicts,2,2026-06-18 13:36
Diplomacy & Relations,6,2026-06-18 13:36
International Affairs,8,2026-06-18 13:36
Nuclear & Security Affairs,2,2026-06-18 13:36
Military & Defense,1,2026-06-18 13:36
Security & Terrorism,1,2026-06-18 09:59
Nuclear & Security Affairs,2,2026-06-18 09:59
Global Issues,3,2026-06-18 09:59
Diplomacy & Relations,7,2026-06-18 09:59
Regional Conflicts,2,2026-06-18 09:59
Energy & Commodities,2,2026-06-18 09:59
International Affairs,8,2026-06-18 09:59
Regional Conflicts,2,2026-06-18 05:24
Security & Terrorism,1,2026-06-18 05:24
Global Issues,3,2026-06-18 05:24
Diplomacy & Relations,10,2026-06-18 05:24
International Affairs,9,2026-06-18 05:24
Energy & Commodities,2,2026-06-18 00:04
International Affairs,8,2026-06-18 00:04
Global Issues,6,2026-06-18 00:04
Politics & Government,1,2026-06-18 00:04
Nuclear & Security Affairs,3,2026-06-18 00:04
Diplomacy & Relations,20,2026-06-18 00:04
Security & Terrorism,7,2026-06-18 00:04
Regional Conflicts,3,2026-06-18 00:04
International Affairs,8,2026-06-17 22:04
Diplomacy & Relations,10,2026-06-17 22:04
Military & Defense,1,2026-06-17 22:04
Energy & Commodities,1,2026-06-17 22:04
Global Issues,2,2026-06-17 22:04
Security & Terrorism,1,2026-06-17 22:04
Regional Conflicts,2,2026-06-17 22:04
International Affairs,9,2026-06-17 19:51
Military & Defense,1,2026-06-17 19:51
Regional Conflicts,2,2026-06-17 19:51
Security & Terrorism,1,2026-06-17 19:51
Global Issues,2,2026-06-17 19:51
Diplomacy & Relations,10,2026-06-17 19:51
Diplomacy & Relations,22,2026-06-17 17:41
International Affairs,8,2026-06-17 17:41
Politics & Government,5,2026-06-17 17:41
Military & Defense,2,2026-06-17 17:41
Global Issues,14,2026-06-17 17:41
Energy & Commodities,6,2026-06-17 17:41
Security & Terrorism,5,2026-06-17 17:41
Regional Conflicts,3,2026-06-17 17:41
Social Media & Public Opinion,9,2026-06-17 17:41
Nuclear & Security Affairs,1,2026-06-17 17:41
Energy & Commodities,2,2026-06-17 14:19
Regional Conflicts,2,2026-06-17 14:19
Diplomacy & Relations,9,2026-06-17 14:19
Military & Defense,1,2026-06-17 14:19
Politics & Government,1,2026-06-17 14:19
Global Issues,1,2026-06-17 14:19
International Affairs,7,2026-06-17 14:19
Nuclear & Security Affairs,2,2026-06-17 14:19
Nuclear & Security Affairs,2,2026-06-17 10:19
Diplomacy & Relations,4,2026-06-17 10:19
Global Issues,3,2026-06-17 10:19
International Affairs,8,2026-06-17 10:19
Security & Terrorism,2,2026-06-17 10:19
Regional Conflicts,3,2026-06-17 10:19
Politics & Government,1,2026-06-17 10:19
Military & Defense,1,2026-06-17 10:19
Energy & Commodities,1,2026-06-17 10:19
Security & Terrorism,3,2026-06-17 05:31
International Affairs,6,2026-06-17 05:31
Diplomacy & Relations,4,2026-06-17 05:31
Politics & Government,1,2026-06-17 05:31
Global Issues,4,2026-06-17 05:31
Military & Defense,1,2026-06-17 05:31
Energy & Commodities,2,2026-06-17 05:31
Nuclear & Security Affairs,2,2026-06-17 05:31
Regional Conflicts,2,2026-06-17 05:31
Global Issues,4,2026-06-17 00:04
Security & Terrorism,2,2026-06-17 00:04
Politics & Government,2,2026-06-17 00:04
International Affairs,7,2026-06-17 00:04
Military & Defense,1,2026-06-17 00:04
Nuclear & Security Affairs,3,2026-06-17 00:04
Diplomacy & Relations,2,2026-06-17 00:04
Regional Conflicts,3,2026-06-17 00:04
Energy & Commodities,1,2026-06-17 00:04
Regional Conflicts,2,2026-06-16 22:35
Nuclear & Security Affairs,3,2026-06-16 22:35
Politics & Government,2,2026-06-16 22:35
Diplomacy & Relations,4,2026-06-16 22:35
Global Issues,4,2026-06-16 22:35
Energy & Commodities,1,2026-06-16 22:35
Security & Terrorism,2,2026-06-16 22:35
Military & Defense,1,2026-06-16 22:35
International Affairs,6,2026-06-16 22:35
Diplomacy & Relations,4,2026-06-16 20:32
Global Issues,4,2026-06-16 20:32
Energy & Commodities,1,2026-06-16 20:32
International Affairs,5,2026-06-16 20:32
Politics & Government,2,2026-06-16 20:32
Regional Conflicts,3,2026-06-16 20:32
Security & Terrorism,2,2026-06-16 20:32
Nuclear & Security Affairs,4,2026-06-16 20:32
Nuclear & Security Affairs,3,2026-06-16 17:16
Regional Conflicts,2,2026-06-16 17:16
Energy & Commodities,1,2026-06-16 17:16
Security & Terrorism,1,2026-06-16 17:16
Diplomacy & Relations,5,2026-06-16 17:16
International Affairs,6,2026-06-16 17:16
Global Issues,6,2026-06-16 17:16
Politics & Government,1,2026-06-16 17:16
Regional Conflicts,2,2026-06-16 11:57
Politics & Government,1,2026-06-16 11:57
Security & Terrorism,1,2026-06-16 11:57
Military & Defense,1,2026-06-16 11:57
Nuclear & Security Affairs,5,2026-06-16 11:57
Global Issues,4,2026-06-16 11:57
Diplomacy & Relations,5,2026-06-16 11:57
International Affairs,6,2026-06-16 11:57
Security & Terrorism,2,2026-06-16 06:17
International Affairs,8,2026-06-16 06:17
Military & Defense,2,2026-06-16 06:17
Nuclear & Security Affairs,2,2026-06-16 06:17
Regional Conflicts,3,2026-06-16 06:17
Diplomacy & Relations,18,2026-06-16 06:17
Global Issues,4,2026-06-16 06:17
Politics & Government,4,2026-06-16 06:17
Social Media & Public Opinion,1,2026-06-16 06:17
Energy & Commodities,6,2026-06-16 06:17
International Affairs,5,2026-06-16 00:20
Regional Conflicts,2,2026-06-16 00:20
Military & Defense,4,2026-06-16 00:20
Diplomacy & Relations,7,2026-06-16 00:20
Social Media & Public Opinion,1,2026-06-16 00:20
Security & Terrorism,1,2026-06-16 00:20
Global Issues,4,2026-06-16 00:20
Nuclear & Security Affairs,1,2026-06-16 00:20
Security & Terrorism,1,2026-06-15 22:06
Nuclear & Security Affairs,1,2026-06-15 22:06
Politics & Government,1,2026-06-15 22:06
International Affairs,4,2026-06-15 22:06
Social Media & Public Opinion,3,2026-06-15 22:06
Military & Defense,5,2026-06-15 22:06
Diplomacy & Relations,6,2026-06-15 22:06
Regional Conflicts,1,2026-06-15 22:06
Global Issues,3,2026-06-15 22:06
Politics & Government,1,2026-06-15 19:05
International Affairs,3,2026-06-15 19:05
Global Issues,3,2026-06-15 19:05
Diplomacy & Relations,8,2026-06-15 19:05
Military & Defense,4,2026-06-15 19:05
Security & Terrorism,1,2026-06-15 19:05
Social Media & Public Opinion,4,2026-06-15 19:05
Regional Conflicts,1,2026-06-15 19:05
Security & Terrorism,2,2026-06-15 14:50
Social Media & Public Opinion,5,2026-06-15 14:50
Diplomacy & Relations,8,2026-06-15 14:50
Global Issues,2,2026-06-15 14:50
Military & Defense,2,2026-06-15 14:50
International Affairs,4,2026-06-15 14:50
Regional Conflicts,2,2026-06-15 14:50
Global Issues,3,2026-06-15 08:42
Security & Terrorism,2,2026-06-15 08:42
Politics & Government,1,2026-06-15 08:42
Military & Defense,1,2026-06-15 08:42
Regional Conflicts,3,2026-06-15 08:42
Energy & Commodities,1,2026-06-15 08:42
Diplomacy & Relations,5,2026-06-15 08:42
Social Media & Public Opinion,1,2026-06-15 08:42
Nuclear & Security Affairs,1,2026-06-15 08:42
International Affairs,7,2026-06-15 08:42
International Affairs,7,2026-06-15 02:06
Social Media & Public Opinion,2,2026-06-15 02:06
Diplomacy & Relations,5,2026-06-15 02:06
Nuclear & Security Affairs,1,2026-06-15 02:06
Politics & Government,1,2026-06-15 02:06
Regional Conflicts,2,2026-06-15 02:06
Global Issues,4,2026-06-15 02:06
Energy & Commodities,1,2026-06-15 02:06
Security & Terrorism,1,2026-06-15 02:06
Military & Defense,1,2026-06-15 02:06
International Affairs,7,2026-06-14 23:20
Security & Terrorism,1,2026-06-14 23:20
Social Media & Public Opinion,1,2026-06-14 23:20
Energy & Commodities,1,2026-06-14 23:20
Diplomacy & Relations,6,2026-06-14 23:20
Regional Conflicts,2,2026-06-14 23:20
Military & Defense,1,2026-06-14 23:20
Global Issues,4,2026-06-14 23:20
Politics & Government,1,2026-06-14 23:20
Nuclear & Security Affairs,1,2026-06-14 23:20
Diplomacy & Relations,7,2026-06-14 21:58
Military & Defense,2,2026-06-14 21:58
Energy & Commodities,2,2026-06-14 21:58
Nuclear & Security Affairs,1,2026-06-14 21:58
Global Issues,4,2026-06-14 21:58
Politics & Government,1,2026-06-14 21:58
Social Media & Public Opinion,1,2026-06-14 21:58
International Affairs,6,2026-06-14 21:58
Security & Terrorism,1,2026-06-14 21:58
Politics & Government,2,2026-06-14 20:23
Social Media & Public Opinion,1,2026-06-14 20:23
Security & Terrorism,1,2026-06-14 20:23
Military & Defense,1,2026-06-14 20:23
Diplomacy & Relations,6,2026-06-14 20:23
Energy & Commodities,2,2026-06-14 20:23
International Affairs,7,2026-06-14 20:23
Global Issues,4,2026-06-14 20:23
Nuclear & Security Affairs,1,2026-06-14 20:23
Military & Defense,2,2026-06-14 18:59
Politics & Government,1,2026-06-14 18:59
Diplomacy & Relations,7,2026-06-14 18:59
Nuclear & Security Affairs,1,2026-06-14 18:59
Global Issues,4,2026-06-14 18:59
Social Media & Public Opinion,1,2026-06-14 18:59
Security & Terrorism,1,2026-06-14 18:59
International Affairs,5,2026-06-14 18:59
Energy & Commodities,3,2026-06-14 18:59
Social Media & Public Opinion,1,2026-06-14 17:03
Global Issues,3,2026-06-14 17:03
Military & Defense,1,2026-06-14 17:03
Energy & Commodities,2,2026-06-14 17:03
Nuclear & Security Affairs,1,2026-06-14 17:03
Security & Terrorism,1,2026-06-14 17:03
International Affairs,6,2026-06-14 17:03
Diplomacy & Relations,7,2026-06-14 17:03
Politics & Government,3,2026-06-14 17:03
Social Media & Public Opinion,1,2026-06-14 15:28
Energy & Commodities,2,2026-06-14 15:28
International Affairs,6,2026-06-14 15:28
Global Issues,3,2026-06-14 15:28
Politics & Government,2,2026-06-14 15:28
Diplomacy & Relations,7,2026-06-14 15:28
Military & Defense,2,2026-06-14 15:28
Nuclear & Security Affairs,1,2026-06-14 15:28
Security & Terrorism,1,2026-06-14 15:28
Military & Defense,1,2026-06-14 13:19
Social Media & Public Opinion,1,2026-06-14 13:19
Diplomacy & Relations,8,2026-06-14 13:19
Politics & Government,1,2026-06-14 13:19
International Affairs,9,2026-06-14 13:19
Regional Conflicts,1,2026-06-14 13:19
Energy & Commodities,1,2026-06-14 13:19
Global Issues,2,2026-06-14 13:19
Nuclear & Security Affairs,1,2026-06-14 13:19
Nuclear & Security Affairs,1,2026-06-14 11:33
Military & Defense,2,2026-06-14 11:33
Global Issues,2,2026-06-14 11:33
Diplomacy & Relations,9,2026-06-14 11:33
Regional Conflicts,1,2026-06-14 11:33
International Affairs,9,2026-06-14 11:33
Social Media & Public Opinion,1,2026-06-14 11:33
Global Issues,1,2026-06-14 08:55
Diplomacy & Relations,11,2026-06-14 08:55
Nuclear & Security Affairs,1,2026-06-14 08:55
Regional Conflicts,1,2026-06-14 08:55
Social Media & Public Opinion,1,2026-06-14 08:55
International Affairs,8,2026-06-14 08:55
Military & Defense,2,2026-06-14 08:55
Politics & Government,1,2026-06-14 05:21
International Affairs,9,2026-06-14 05:21
Regional Conflicts,1,2026-06-14 05:21
Military & Defense,1,2026-06-14 05:21
Global Issues,1,2026-06-14 05:21
Diplomacy & Relations,12,2026-06-14 05:21
Military & Defense,2,2026-06-14 00:12
International Affairs,9,2026-06-14 00:12
Global Issues,2,2026-06-14 00:12
Politics & Government,1,2026-06-14 00:12
Regional Conflicts,2,2026-06-14 00:12
Diplomacy & Relations,9,2026-06-14 00:12
Military & Defense,2,2026-06-13 22:47
Diplomacy & Relations,10,2026-06-13 22:47
Regional Conflicts,1,2026-06-13 22:47
Politics & Government,1,2026-06-13 22:47
International Affairs,9,2026-06-13 22:47
Global Issues,2,2026-06-13 22:47
Regional Conflicts,1,2026-06-13 21:20
International Affairs,9,2026-06-13 21:20
Military & Defense,2,2026-06-13 21:20
Diplomacy & Relations,10,2026-06-13 21:20
Politics & Government,1,2026-06-13 21:20
Global Issues,2,2026-06-13 21:20
Energy & Commodities,1,2026-06-13 19:48
International Affairs,9,2026-06-13 19:48
Politics & Government,1,2026-06-13 19:48
Diplomacy & Relations,10,2026-06-13 19:48
Social Media & Public Opinion,1,2026-06-13 19:48
Regional Conflicts,1,2026-06-13 19:48
Military & Defense,2,2026-06-13 19:48
Regional Conflicts,1,2026-06-13 17:58
Energy & Commodities,1,2026-06-13 17:58
Military & Defense,2,2026-06-13 17:58
International Affairs,9,2026-06-13 17:58
Social Media & Public Opinion,1,2026-06-13 17:58
Politics & Government,1,2026-06-13 17:58
Diplomacy & Relations,9,2026-06-13 17:58
Security & Terrorism,1,2026-06-13 17:58
Regional Conflicts,2,2026-06-13 16:06
International Affairs,9,2026-06-13 16:06
Nuclear & Security Affairs,2,2026-06-13 16:06
Energy & Commodities,2,2026-06-13 16:06
Social Media & Public Opinion,1,2026-06-13 16:06
Global Issues,2,2026-06-13 16:06
Security & Terrorism,2,2026-06-13 16:06
Military & Defense,2,2026-06-13 16:06
Diplomacy & Relations,16,2026-06-13 16:06
Politics & Government,12,2026-06-13 16:06
International Affairs,9,2026-06-13 14:16
Diplomacy & Relations,5,2026-06-13 14:16
Security & Terrorism,2,2026-06-13 14:16
Regional Conflicts,2,2026-06-13 14:16
Politics & Government,2,2026-06-13 14:16
Military & Defense,4,2026-06-13 14:16
Social Media & Public Opinion,1,2026-06-13 14:16
Social Media & Public Opinion,1,2026-06-13 11:56
Regional Conflicts,2,2026-06-13 11:56
International Affairs,10,2026-06-13 11:56
Global Issues,1,2026-06-13 11:56
Politics & Government,2,2026-06-13 11:56
Military & Defense,4,2026-06-13 11:56
Diplomacy & Relations,3,2026-06-13 11:56
Security & Terrorism,2,2026-06-13 11:56
Regional Conflicts,2,2026-06-13 09:46
Global Issues,1,2026-06-13 09:46
Diplomacy & Relations,2,2026-06-13 09:46
Security & Terrorism,2,2026-06-13 09:46
Military & Defense,4,2026-06-13 09:46
Social Media & Public Opinion,1,2026-06-13 09:46
Politics & Government,1,2026-06-13 09:46
International Affairs,12,2026-06-13 09:46
Global Issues,1,2026-06-13 06:21
Diplomacy & Relations,2,2026-06-13 06:21
Regional Conflicts,2,2026-06-13 06:21
Social Media & Public Opinion,1,2026-06-13 06:21
Security & Terrorism,2,2026-06-13 06:21
Politics & Government,1,2026-06-13 06:21
Military & Defense,3,2026-06-13 06:21
International Affairs,13,2026-06-13 06:21
Social Media & Public Opinion,1,2026-06-13 01:53
Security & Terrorism,3,2026-06-13 01:53
Diplomacy & Relations,3,2026-06-13 01:53
Global Issues,2,2026-06-13 01:53
Military & Defense,1,2026-06-13 01:53
International Affairs,13,2026-06-13 01:53
Regional Conflicts,1,2026-06-13 01:53
Politics & Government,1,2026-06-13 01:53
Nuclear & Security Affairs,1,2026-06-12 23:04
Global Issues,9,2026-06-12 23:04
International Affairs,16,2026-06-12 23:04
Military & Defense,2,2026-06-12 23:04
Security & Terrorism,3,2026-06-12 23:04
Regional Conflicts,3,2026-06-12 23:04
Diplomacy & Relations,12,2026-06-12 23:04
Politics & Government,2,2026-06-12 23:04
Social Media & Public Opinion,2,2026-06-12 23:04
International Affairs,14,2026-06-12 21:20
Military & Defense,2,2026-06-12 21:20
Politics & Government,1,2026-06-12 21:20
Diplomacy & Relations,5,2026-06-12 21:20
Global Issues,1,2026-06-12 21:20
Security & Terrorism,2,2026-06-12 21:20
Politics & Government,1,2026-06-12 19:34
International Affairs,13,2026-06-12 19:34
Security & Terrorism,2,2026-06-12 19:34
Diplomacy & Relations,6,2026-06-12 19:34
Global Issues,1,2026-06-12 19:34
Military & Defense,2,2026-06-12 19:34
Security & Terrorism,2,2026-06-12 17:27
Politics & Government,1,2026-06-12 17:27
Diplomacy & Relations,5,2026-06-12 17:27
Military & Defense,1,2026-06-12 17:27
Social Media & Public Opinion,3,2026-06-12 17:27
International Affairs,13,2026-06-12 17:27
Diplomacy & Relations,5,2026-06-12 14:23
Security & Terrorism,1,2026-06-12 14:23
International Affairs,12,2026-06-12 14:23
Military & Defense,2,2026-06-12 14:23
Social Media & Public Opinion,4,2026-06-12 14:23
Global Issues,1,2026-06-12 14:23
Global Issues,1,2026-06-12 11:04
International Affairs,9,2026-06-12 11:04
Military & Defense,2,2026-06-12 11:04
Social Media & Public Opinion,3,2026-06-12 11:04
Diplomacy & Relations,8,2026-06-12 11:04
Security & Terrorism,2,2026-06-12 11:04
International Affairs,5,2026-06-12 06:53
Diplomacy & Relations,10,2026-06-12 06:53
Security & Terrorism,2,2026-06-12 06:53
Energy & Commodities,2,2026-06-12 06:53
Military & Defense,3,2026-06-12 06:53
Social Media & Public Opinion,3,2026-06-12 06:53
Social Media & Public Opinion,3,2026-06-12 02:00
Energy & Commodities,2,2026-06-12 02:00
Military & Defense,3,2026-06-12 02:00
International Affairs,5,2026-06-12 02:00
Diplomacy & Relations,12,2026-06-12 02:00
Nuclear & Security Affairs,1,2026-06-11 23:27
Energy & Commodities,5,2026-06-11 23:27
Politics & Government,2,2026-06-11 23:27
Social Media & Public Opinion,3,2026-06-11 23:27
Military & Defense,7,2026-06-11 23:27
International Affairs,6,2026-06-11 23:27
Global Issues,3,2026-06-11 23:27
Diplomacy & Relations,23,2026-06-11 23:27
Politics & Government,1,2026-06-11 21:51
Military & Defense,5,2026-06-11 21:51
International Affairs,4,2026-06-11 21:51
Diplomacy & Relations,10,2026-06-11 21:51
Energy & Commodities,4,2026-06-11 21:51
Social Media & Public Opinion,1,2026-06-11 21:51
Regional Conflicts,1,2026-06-11 19:25
Social Media & Public Opinion,1,2026-06-11 19:25
Energy & Commodities,3,2026-06-11 19:25
Military & Defense,3,2026-06-11 19:25
International Affairs,4,2026-06-11 19:25
Diplomacy & Relations,13,2026-06-11 19:25
Regional Conflicts,69,2026-06-11 16:18
Social Media & Public Opinion,76,2026-06-11 16:18
Energy & Commodities,97,2026-06-11 16:18
Global Issues,50,2026-06-11 16:18
Nuclear & Security Affairs,33,2026-06-11 16:18
Diplomacy & Relations,370,2026-06-11 16:18
Security & Terrorism,74,2026-06-11 16:18
Military & Defense,78,2026-06-11 16:18
International Affairs,71,2026-06-11 16:18
Politics & Government,57,2026-06-11 16:18
Global Issues,51,2026-06-11 12:00
Security & Terrorism,67,2026-06-11 12:00
Diplomacy & Relations,378,2026-06-11 12:00
Politics & Government,55,2026-06-11 12:00
Military & Defense,67,2026-06-11 12:00
Social Media & Public Opinion,88,2026-06-11 12:00
International Affairs,68,2026-06-11 12:00
Nuclear & Security Affairs,34,2026-06-11 12:00
Energy & Commodities,95,2026-06-11 12:00
Regional Conflicts,72,2026-06-11 12:00
Politics & Government,57,2026-06-11 07:18
Security & Terrorism,66,2026-06-11 07:18
Military & Defense,71,2026-06-11 07:18
International Affairs,66,2026-06-11 07:18
Diplomacy & Relations,368,2026-06-11 07:18
Nuclear & Security Affairs,37,2026-06-11 07:18
Regional Conflicts,72,2026-06-11 07:18
Social Media & Public Opinion,91,2026-06-11 07:18
Global Issues,55,2026-06-11 07:18
Energy & Commodities,92,2026-06-11 07:18
Energy & Commodities,86,2026-06-11 02:05
International Affairs,70,2026-06-11 02:05
Nuclear & Security Affairs,38,2026-06-11 02:05
Military & Defense,72,2026-06-11 02:05
Diplomacy & Relations,372,2026-06-11 02:05
Social Media & Public Opinion,86,2026-06-11 02:05
Security & Terrorism,63,2026-06-11 02:05
Global Issues,57,2026-06-11 02:05
Regional Conflicts,71,2026-06-11 02:05
Politics & Government,60,2026-06-11 02:05
Energy & Commodities,86,2026-06-10 23:39
Nuclear & Security Affairs,37,2026-06-10 23:39
Military & Defense,75,2026-06-10 23:39
Security & Terrorism,60,2026-06-10 23:39
Politics & Government,58,2026-06-10 23:39
Social Media & Public Opinion,85,2026-06-10 23:39
Regional Conflicts,72,2026-06-10 23:39
International Affairs,69,2026-06-10 23:39
Global Issues,59,2026-06-10 23:39
Diplomacy & Relations,374,2026-06-10 23:39
Nuclear & Security Affairs,38,2026-06-10 21:47
Military & Defense,74,2026-06-10 21:47
Politics & Government,58,2026-06-10 21:47
Social Media & Public Opinion,88,2026-06-10 21:47
Energy & Commodities,86,2026-06-10 21:47
Global Issues,60,2026-06-10 21:47
International Affairs,67,2026-06-10 21:47
Security & Terrorism,59,2026-06-10 21:47
Regional Conflicts,75,2026-06-10 21:47
Diplomacy & Relations,370,2026-06-10 21:47
Military & Defense,70,2026-06-10 19:20
Politics & Government,53,2026-06-10 19:20
Regional Conflicts,78,2026-06-10 19:20
Energy & Commodities,89,2026-06-10 19:20
Nuclear & Security Affairs,38,2026-06-10 19:20
Social Media & Public Opinion,85,2026-06-10 19:20
Security & Terrorism,62,2026-06-10 19:20
International Affairs,61,2026-06-10 19:20
Diplomacy & Relations,375,2026-06-10 19:20
Global Issues,64,2026-06-10 19:20
Social Media & Public Opinion,91,2026-06-10 16:27
Regional Conflicts,75,2026-06-10 16:27
Security & Terrorism,61,2026-06-10 16:27
Politics & Government,51,2026-06-10 16:27
Military & Defense,73,2026-06-10 16:27
International Affairs,62,2026-06-10 16:27
Nuclear & Security Affairs,39,2026-06-10 16:27
Energy & Commodities,87,2026-06-10 16:27
Diplomacy & Relations,369,2026-06-10 16:27
Global Issues,67,2026-06-10 16:27
Military & Defense,61,2026-06-10 12:02
Regional Conflicts,70,2026-06-10 12:02
Diplomacy & Relations,382,2026-06-10 12:02
Security & Terrorism,55,2026-06-10 12:02
Global Issues,69,2026-06-10 12:02
Nuclear & Security Affairs,34,2026-06-10 12:02
Social Media & Public Opinion,82,2026-06-10 12:02
Energy & Commodities,100,2026-06-10 12:02
International Affairs,72,2026-06-10 12:02
Politics & Government,50,2026-06-10 12:02
Global Issues,65,2026-06-10 08:38
Energy & Commodities,103,2026-06-10 08:38
Diplomacy & Relations,373,2026-06-10 08:38
Regional Conflicts,67,2026-06-10 08:38
Social Media & Public Opinion,85,2026-06-10 08:38
Security & Terrorism,59,2026-06-10 08:38
Nuclear & Security Affairs,32,2026-06-10 08:38
Military & Defense,63,2026-06-10 08:38
International Affairs,76,2026-06-10 08:38
Politics & Government,52,2026-06-10 08:38
Military & Defense,63,2026-06-10 04:41
Nuclear & Security Affairs,37,2026-06-10 04:41
International Affairs,79,2026-06-10 04:41
Security & Terrorism,60,2026-06-10 04:41
Politics & Government,52,2026-06-10 04:41
Global Issues,63,2026-06-10 04:41
Energy & Commodities,106,2026-06-10 04:41
Regional Conflicts,64,2026-06-10 04:41
Social Media & Public Opinion,80,2026-06-10 04:41
Diplomacy & Relations,371,2026-06-10 04:41
Politics & Government,48,2026-06-10 00:00
International Affairs,89,2026-06-10 00:00
Diplomacy & Relations,375,2026-06-10 00:00
Military & Defense,62,2026-06-10 00:00
Nuclear & Security Affairs,35,2026-06-10 00:00
Social Media & Public Opinion,82,2026-06-10 00:00
Regional Conflicts,65,2026-06-10 00:00
Global Issues,54,2026-06-10 00:00
Security & Terrorism,61,2026-06-10 00:00
Energy & Commodities,104,2026-06-10 00:00
Nuclear & Security Affairs,36,2026-06-09 22:26
Military & Defense,63,2026-06-09 22:26
Regional Conflicts,64,2026-06-09 22:26
Global Issues,53,2026-06-09 22:26
Diplomacy & Relations,374,2026-06-09 22:26
Security & Terrorism,59,2026-06-09 22:26
Politics & Government,51,2026-06-09 22:26
Social Media & Public Opinion,84,2026-06-09 22:26
International Affairs,84,2026-06-09 22:26
Energy & Commodities,107,2026-06-09 22:26
Diplomacy & Relations,375,2026-06-09 20:52
Politics & Government,55,2026-06-09 20:52
Global Issues,57,2026-06-09 20:52
Nuclear & Security Affairs,36,2026-06-09 20:52
Regional Conflicts,62,2026-06-09 20:52
Energy & Commodities,103,2026-06-09 20:52
International Affairs,82,2026-06-09 20:52
Security & Terrorism,56,2026-06-09 20:52
Social Media & Public Opinion,86,2026-06-09 20:52
Military & Defense,63,2026-06-09 20:52
Security & Terrorism,55,2026-06-09 18:11
Politics & Government,55,2026-06-09 18:11
Military & Defense,63,2026-06-09 18:11
Diplomacy & Relations,366,2026-06-09 18:11
Regional Conflicts,68,2026-06-09 18:11
Energy & Commodities,98,2026-06-09 18:11
Nuclear & Security Affairs,33,2026-06-09 18:11
Global Issues,55,2026-06-09 18:11
Social Media & Public Opinion,91,2026-06-09 18:11
International Affairs,91,2026-06-09 18:11
Regional Conflicts,67,2026-06-09 15:46
Global Issues,51,2026-06-09 15:46
Security & Terrorism,58,2026-06-09 15:46
Military & Defense,61,2026-06-09 15:46
Nuclear & Security Affairs,29,2026-06-09 15:46
Social Media & Public Opinion,82,2026-06-09 15:46
Energy & Commodities,99,2026-06-09 15:46
Diplomacy & Relations,388,2026-06-09 15:46
Politics & Government,53,2026-06-09 15:46
International Affairs,87,2026-06-09 15:46
International Affairs,89,2026-06-09 12:42
Diplomacy & Relations,378,2026-06-09 12:42
Social Media & Public Opinion,82,2026-06-09 12:42
Security & Terrorism,58,2026-06-09 12:42
Military & Defense,59,2026-06-09 12:42
Energy & Commodities,104,2026-06-09 12:42
Regional Conflicts,65,2026-06-09 12:42
Nuclear & Security Affairs,30,2026-06-09 12:42
Politics & Government,56,2026-06-09 12:42
Global Issues,54,2026-06-09 12:42
International Affairs,84,2026-06-09 09:54
Global Issues,59,2026-06-09 09:54
Regional Conflicts,64,2026-06-09 09:54
Politics & Government,61,2026-06-09 09:54
Military & Defense,56,2026-06-09 09:54
Security & Terrorism,61,2026-06-09 09:54
Nuclear & Security Affairs,36,2026-06-09 09:54
Diplomacy & Relations,363,2026-06-09 09:54
Energy & Commodities,106,2026-06-09 09:54
Social Media & Public Opinion,85,2026-06-09 09:54
Security & Terrorism,61,2026-06-09 05:54
Military & Defense,58,2026-06-09 05:54
Social Media & Public Opinion,86,2026-06-09 05:54
Diplomacy & Relations,365,2026-06-09 05:54
Energy & Commodities,104,2026-06-09 05:54
Nuclear & Security Affairs,34,2026-06-09 05:54
Regional Conflicts,62,2026-06-09 05:54
International Affairs,80,2026-06-09 05:54
Politics & Government,67,2026-06-09 05:54
Global Issues,58,2026-06-09 05:54
Diplomacy & Relations,369,2026-06-09 01:32
International Affairs,76,2026-06-09 01:32
Social Media & Public Opinion,84,2026-06-09 01:32
Energy & Commodities,98,2026-06-09 01:32
Global Issues,61,2026-06-09 01:32
Regional Conflicts,63,2026-06-09 01:32
Military & Defense,60,2026-06-09 01:32
Politics & Government,65,2026-06-09 01:32
Security & Terrorism,66,2026-06-09 01:32
Nuclear & Security Affairs,33,2026-06-09 01:32
Politics & Government,63,2026-06-08 23:14
Nuclear & Security Affairs,33,2026-06-08 23:14
Social Media & Public Opinion,88,2026-06-08 23:14
Military & Defense,63,2026-06-08 23:14
Global Issues,59,2026-06-08 23:14
Diplomacy & Relations,363,2026-06-08 23:14
Security & Terrorism,62,2026-06-08 23:14
Energy & Commodities,96,2026-06-08 23:14
International Affairs,77,2026-06-08 23:14
Regional Conflicts,71,2026-06-08 23:14
Military & Defense,62,2026-06-08 21:53
Security & Terrorism,62,2026-06-08 21:53
International Affairs,76,2026-06-08 21:53
Global Issues,59,2026-06-08 21:53
Politics & Government,61,2026-06-08 21:53
Energy & Commodities,94,2026-06-08 21:53
Diplomacy & Relations,372,2026-06-08 21:53
Social Media & Public Opinion,85,2026-06-08 21:53
Regional Conflicts,70,2026-06-08 21:53
Nuclear & Security Affairs,34,2026-06-08 21:53
Security & Terrorism,59,2026-06-08 19:53
Politics & Government,63,2026-06-08 19:53
Diplomacy & Relations,367,2026-06-08 19:53
Global Issues,60,2026-06-08 19:53
Regional Conflicts,74,2026-06-08 19:53
Nuclear & Security Affairs,35,2026-06-08 19:53
Social Media & Public Opinion,87,2026-06-08 19:53
Military & Defense,62,2026-06-08 19:53
International Affairs,77,2026-06-08 19:53
Energy & Commodities,91,2026-06-08 19:53
Diplomacy & Relations,354,2026-06-08 17:25
Energy & Commodities,88,2026-06-08 17:25
International Affairs,79,2026-06-08 17:25
Social Media & Public Opinion,93,2026-06-08 17:25
Global Issues,65,2026-06-08 17:25
Security & Terrorism,61,2026-06-08 17:25
Military & Defense,55,2026-06-08 17:25
Regional Conflicts,77,2026-06-08 17:25
Nuclear & Security Affairs,38,2026-06-08 17:25
Politics & Government,65,2026-06-08 17:25
Global Issues,72,2026-06-08 13:54
Social Media & Public Opinion,89,2026-06-08 13:54
Nuclear & Security Affairs,37,2026-06-08 13:54
Diplomacy & Relations,362,2026-06-08 13:54
Energy & Commodities,92,2026-06-08 13:54
International Affairs,72,2026-06-08 13:54
Politics & Government,58,2026-06-08 13:54
Regional Conflicts,79,2026-06-08 13:54
Security & Terrorism,58,2026-06-08 13:54
Military & Defense,56,2026-06-08 13:54
Nuclear & Security Affairs,39,2026-06-08 09:15
Energy & Commodities,96,2026-06-08 09:15
Regional Conflicts,76,2026-06-08 09:15
Security & Terrorism,55,2026-06-08 09:15
Politics & Government,63,2026-06-08 09:15
Social Media & Public Opinion,88,2026-06-08 09:15
Military & Defense,49,2026-06-08 09:15
Diplomacy & Relations,367,2026-06-08 09:15
Global Issues,70,2026-06-08 09:15
International Affairs,72,2026-06-08 09:15
Social Media & Public Opinion,82,2026-06-08 04:24
Global Issues,70,2026-06-08 04:24
Energy & Commodities,98,2026-06-08 04:24
Security & Terrorism,51,2026-06-08 04:24
International Affairs,71,2026-06-08 04:24
Nuclear & Security Affairs,38,2026-06-08 04:24
Diplomacy & Relations,373,2026-06-08 04:24
Regional Conflicts,72,2026-06-08 04:24
Military & Defense,55,2026-06-08 04:24
Politics & Government,65,2026-06-08 04:24
Politics & Government,62,2026-06-07 23:46
Security & Terrorism,52,2026-06-07 23:46
Regional Conflicts,76,2026-06-07 23:46
International Affairs,72,2026-06-07 23:46
Social Media & Public Opinion,86,2026-06-07 23:46
Global Issues,69,2026-06-07 23:46
Energy & Commodities,96,2026-06-07 23:46
Diplomacy & Relations,367,2026-06-07 23:46
Nuclear & Security Affairs,41,2026-06-07 23:46
Military & Defense,54,2026-06-07 23:46
Politics & Government,59,2026-06-07 22:09
Global Issues,68,2026-06-07 22:09
Security & Terrorism,54,2026-06-07 22:09
Nuclear & Security Affairs,43,2026-06-07 22:09
Military & Defense,55,2026-06-07 22:09
Energy & Commodities,94,2026-06-07 22:09
Social Media & Public Opinion,86,2026-06-07 22:09
Regional Conflicts,75,2026-06-07 22:09
International Affairs,75,2026-06-07 22:09
Diplomacy & Relations,366,2026-06-07 22:09
Global Issues,69,2026-06-07 20:53
Diplomacy & Relations,360,2026-06-07 20:53
Security & Terrorism,54,2026-06-07 20:53
Regional Conflicts,76,2026-06-07 20:53
Social Media & Public Opinion,87,2026-06-07 20:53
Nuclear & Security Affairs,43,2026-06-07 20:53
International Affairs,73,2026-06-07 20:53
Military & Defense,57,2026-06-07 20:53
Politics & Government,60,2026-06-07 20:53
Energy & Commodities,96,2026-06-07 20:53
Social Media & Public Opinion,85,2026-06-07 19:39
Nuclear & Security Affairs,44,2026-06-07 19:39
Energy & Commodities,95,2026-06-07 19:39
Diplomacy & Relations,364,2026-06-07 19:39
Security & Terrorism,56,2026-06-07 19:39
Politics & Government,66,2026-06-07 19:39
Military & Defense,53,2026-06-07 19:39
Global Issues,64,2026-06-07 19:39
Regional Conflicts,73,2026-06-07 19:39
International Affairs,75,2026-06-07 19:39
Military & Defense,56,2026-06-07 17:53
Diplomacy & Relations,361,2026-06-07 17:53
Regional Conflicts,70,2026-06-07 17:53
Global Issues,56,2026-06-07 17:53
Energy & Commodities,98,2026-06-07 17:53
Security & Terrorism,59,2026-06-07 17:53
Social Media & Public Opinion,89,2026-06-07 17:53
Nuclear & Security Affairs,44,2026-06-07 17:53
Politics & Government,66,2026-06-07 17:53
International Affairs,76,2026-06-07 17:53
Politics & Government,63,2026-06-07 16:01
Military & Defense,58,2026-06-07 16:01
Diplomacy & Relations,362,2026-06-07 16:01
Regional Conflicts,72,2026-06-07 16:01
Nuclear & Security Affairs,43,2026-06-07 16:01
Global Issues,57,2026-06-07 16:01
International Affairs,77,2026-06-07 16:01
Social Media & Public Opinion,82,2026-06-07 16:01
Security & Terrorism,60,2026-06-07 16:01
Energy & Commodities,101,2026-06-07 16:01
Security & Terrorism,59,2026-06-07 14:03
Energy & Commodities,105,2026-06-07 14:03
Social Media & Public Opinion,83,2026-06-07 14:03
Diplomacy & Relations,362,2026-06-07 14:03
Nuclear & Security Affairs,44,2026-06-07 14:03
Regional Conflicts,66,2026-06-07 14:03
Global Issues,55,2026-06-07 14:03
Military & Defense,59,2026-06-07 14:03
Politics & Government,64,2026-06-07 14:03
International Affairs,78,2026-06-07 14:03
Military & Defense,65,2026-06-07 11:52
Diplomacy & Relations,365,2026-06-07 11:52
Social Media & Public Opinion,82,2026-06-07 11:52
Global Issues,53,2026-06-07 11:52
Regional Conflicts,61,2026-06-07 11:52
Nuclear & Security Affairs,47,2026-06-07 11:52
International Affairs,81,2026-06-07 11:52
Security & Terrorism,53,2026-06-07 11:52
Energy & Commodities,102,2026-06-07 11:52
Politics & Government,66,2026-06-07 11:52
Global Issues,56,2026-06-07 09:52
Nuclear & Security Affairs,45,2026-06-07 09:52
Regional Conflicts,62,2026-06-07 09:52
Diplomacy & Relations,360,2026-06-07 09:52
Security & Terrorism,56,2026-06-07 09:52
International Affairs,86,2026-06-07 09:52
Military & Defense,58,2026-06-07 09:52
Politics & Government,68,2026-06-07 09:52
Energy & Commodities,100,2026-06-07 09:52
Social Media & Public Opinion,84,2026-06-07 09:52
Security & Terrorism,53,2026-06-07 06:39
Nuclear & Security Affairs,43,2026-06-07 06:39
Politics & Government,63,2026-06-07 06:39
Energy & Commodities,99,2026-06-07 06:39
Social Media & Public Opinion,85,2026-06-07 06:39
Military & Defense,61,2026-06-07 06:39
Regional Conflicts,62,2026-06-07 06:39
Global Issues,60,2026-06-07 06:39
International Affairs,79,2026-06-07 06:39
Diplomacy & Relations,370,2026-06-07 06:39
Security & Terrorism,57,2026-06-07 01:57
Politics & Government,65,2026-06-07 01:57
Regional Conflicts,59,2026-06-07 01:57
Energy & Commodities,96,2026-06-07 01:57
Nuclear & Security Affairs,44,2026-06-07 01:57
Social Media & Public Opinion,90,2026-06-07 01:57
International Affairs,79,2026-06-07 01:57
Military & Defense,57,2026-06-07 01:57
Global Issues,64,2026-06-07 01:57
Diplomacy & Relations,364,2026-06-07 01:57
Energy & Commodities,99,2026-06-06 23:08
Security & Terrorism,58,2026-06-06 23:08
Regional Conflicts,59,2026-06-06 23:08
Politics & Government,69,2026-06-06 23:08
International Affairs,77,2026-06-06 23:08
Social Media & Public Opinion,87,2026-06-06 23:08
Nuclear & Security Affairs,43,2026-06-06 23:08
Diplomacy & Relations,363,2026-06-06 23:08
Global Issues,64,2026-06-06 23:08
Military & Defense,56,2026-06-06 23:08
Energy & Commodities,100,2026-06-06 21:46
Politics & Government,62,2026-06-06 21:46
Regional Conflicts,58,2026-06-06 21:46
Diplomacy & Relations,363,2026-06-06 21:46
Military & Defense,62,2026-06-06 21:46
Global Issues,64,2026-06-06 21:46
Social Media & Public Opinion,87,2026-06-06 21:46
Nuclear & Security Affairs,39,2026-06-06 21:46
Security & Terrorism,61,2026-06-06 21:46
International Affairs,79,2026-06-06 21:46
Global Issues,63,2026-06-06 20:13
Social Media & Public Opinion,87,2026-06-06 20:13
Nuclear & Security Affairs,40,2026-06-06 20:13
Energy & Commodities,98,2026-06-06 20:13
Regional Conflicts,56,2026-06-06 20:13
Military & Defense,60,2026-06-06 20:13
Diplomacy & Relations,367,2026-06-06 20:13
Security & Terrorism,61,2026-06-06 20:13
International Affairs,83,2026-06-06 20:13
Politics & Government,60,2026-06-06 20:13
Military & Defense,62,2026-06-06 18:55
Social Media & Public Opinion,85,2026-06-06 18:55
Nuclear & Security Affairs,42,2026-06-06 18:55
Energy & Commodities,97,2026-06-06 18:55
Security & Terrorism,60,2026-06-06 18:55
Global Issues,61,2026-06-06 18:55
Politics & Government,64,2026-06-06 18:55
International Affairs,83,2026-06-06 18:55
Regional Conflicts,59,2026-06-06 18:55
Diplomacy & Relations,362,2026-06-06 18:55
Politics & Government,60,2026-06-06 17:23
Regional Conflicts,58,2026-06-06 17:23
Military & Defense,65,2026-06-06 17:23
Energy & Commodities,98,2026-06-06 17:23
Security & Terrorism,57,2026-06-06 17:23
Global Issues,61,2026-06-06 17:23
Nuclear & Security Affairs,41,2026-06-06 17:23
Diplomacy & Relations,367,2026-06-06 17:23
International Affairs,84,2026-06-06 17:23
Social Media & Public Opinion,84,2026-06-06 17:23
Diplomacy & Relations,371,2026-06-06 15:59
Energy & Commodities,97,2026-06-06 15:59
Social Media & Public Opinion,87,2026-06-06 15:59
Global Issues,60,2026-06-06 15:59
Politics & Government,59,2026-06-06 15:59
Security & Terrorism,59,2026-06-06 15:59
Regional Conflicts,57,2026-06-06 15:59
International Affairs,81,2026-06-06 15:59
Military & Defense,66,2026-06-06 15:59
Nuclear & Security Affairs,38,2026-06-06 15:59
International Affairs,80,2026-06-06 14:45
Security & Terrorism,55,2026-06-06 14:45
Politics & Government,57,2026-06-06 14:45
Military & Defense,68,2026-06-06 14:45
Global Issues,60,2026-06-06 14:45
Regional Conflicts,55,2026-06-06 14:45
Nuclear & Security Affairs,41,2026-06-06 14:45
Social Media & Public Opinion,87,2026-06-06 14:45
Energy & Commodities,99,2026-06-06 14:45
Diplomacy & Relations,373,2026-06-06 14:45
International Affairs,80,2026-06-06 12:55
Nuclear & Security Affairs,39,2026-06-06 12:55
Regional Conflicts,51,2026-06-06 12:55
Global Issues,59,2026-06-06 12:55
Politics & Government,59,2026-06-06 12:55
Security & Terrorism,54,2026-06-06 12:55
Diplomacy & Relations,374,2026-06-06 12:55
Social Media & Public Opinion,84,2026-06-06 12:55
Military & Defense,72,2026-06-06 12:55
Energy & Commodities,103,2026-06-06 12:55
Global Issues,61,2026-06-06 11:37
Politics & Government,63,2026-06-06 11:37
Diplomacy & Relations,372,2026-06-06 11:37
International Affairs,77,2026-06-06 11:37
Security & Terrorism,54,2026-06-06 11:37
Social Media & Public Opinion,82,2026-06-06 11:37
Nuclear & Security Affairs,38,2026-06-06 11:37
Military & Defense,74,2026-06-06 11:37
Energy & Commodities,101,2026-06-06 11:37
Regional Conflicts,53,2026-06-06 11:37
Regional Conflicts,52,2026-06-06 09:49
Diplomacy & Relations,380,2026-06-06 09:49
Military & Defense,72,2026-06-06 09:49
International Affairs,76,2026-06-06 09:49
Global Issues,59,2026-06-06 09:49
Politics & Government,70,2026-06-06 09:49
Security & Terrorism,48,2026-06-06 09:49
Social Media & Public Opinion,80,2026-06-06 09:49
Energy & Commodities,99,2026-06-06 09:49
Nuclear & Security Affairs,39,2026-06-06 09:49
Military & Defense,71,2026-06-06 07:38
Regional Conflicts,53,2026-06-06 07:38
Diplomacy & Relations,375,2026-06-06 07:38
Global Issues,58,2026-06-06 07:38
Politics & Government,68,2026-06-06 07:38
Security & Terrorism,55,2026-06-06 07:38
Energy & Commodities,97,2026-06-06 07:38
International Affairs,79,2026-06-06 07:38
Social Media & Public Opinion,83,2026-06-06 07:38
Nuclear & Security Affairs,36,2026-06-06 07:38
Nuclear & Security Affairs,39,2026-06-06 04:43
Energy & Commodities,99,2026-06-06 04:43
International Affairs,80,2026-06-06 04:43
Security & Terrorism,52,2026-06-06 04:43
Military & Defense,69,2026-06-06 04:43
Politics & Government,66,2026-06-06 04:43
Social Media & Public Opinion,88,2026-06-06 04:43
Regional Conflicts,52,2026-06-06 04:43
Diplomacy & Relations,370,2026-06-06 04:43
Global Issues,60,2026-06-06 04:43
Diplomacy & Relations,375,2026-06-06 00:12
Global Issues,59,2026-06-06 00:12
Military & Defense,66,2026-06-06 00:12
Politics & Government,67,2026-06-06 00:12
Energy & Commodities,100,2026-06-06 00:12
International Affairs,78,2026-06-06 00:12
Social Media & Public Opinion,87,2026-06-06 00:12
Security & Terrorism,56,2026-06-06 00:12
Regional Conflicts,53,2026-06-06 00:12
Nuclear & Security Affairs,34,2026-06-06 00:12
Energy & Commodities,102,2026-06-05 22:49
Security & Terrorism,59,2026-06-05 22:49
Nuclear & Security Affairs,32,2026-06-05 22:49
Social Media & Public Opinion,86,2026-06-05 22:49
Politics & Government,70,2026-06-05 22:49
Global Issues,59,2026-06-05 22:49
Diplomacy & Relations,370,2026-06-05 22:49
International Affairs,79,2026-06-05 22:49
Regional Conflicts,54,2026-06-05 22:49
Military & Defense,64,2026-06-05 22:49
International Affairs,79,2026-06-05 21:12
Nuclear & Security Affairs,30,2026-06-05 21:12
Security & Terrorism,58,2026-06-05 21:12
Energy & Commodities,103,2026-06-05 21:12
Diplomacy & Relations,369,2026-06-05 21:12
Social Media & Public Opinion,83,2026-06-05 21:12
Politics & Government,74,2026-06-05 21:12
Regional Conflicts,55,2026-06-05 21:12
Global Issues,58,2026-06-05 21:12
Military & Defense,66,2026-06-05 21:12
Regional Conflicts,58,2026-06-05 19:24
Nuclear & Security Affairs,30,2026-06-05 19:24
Social Media & Public Opinion,85,2026-06-05 19:24
Politics & Government,74,2026-06-05 19:24
Diplomacy & Relations,369,2026-06-05 19:24
Global Issues,57,2026-06-05 19:24
Security & Terrorism,59,2026-06-05 19:24
Energy & Commodities,102,2026-06-05 19:24
International Affairs,73,2026-06-05 19:24
Military & Defense,68,2026-06-05 19:24
Military & Defense,71,2026-06-05 17:33
Security & Terrorism,56,2026-06-05 17:33
Social Media & Public Opinion,81,2026-06-05 17:33
Global Issues,59,2026-06-05 17:33
Politics & Government,83,2026-06-05 17:33
Energy & Commodities,98,2026-06-05 17:33
Nuclear & Security Affairs,33,2026-06-05 17:33
Regional Conflicts,59,2026-06-05 17:33
International Affairs,73,2026-06-05 17:33
Diplomacy & Relations,362,2026-06-05 17:33
Energy & Commodities,98,2026-06-05 15:41
Military & Defense,66,2026-06-05 15:41
Diplomacy & Relations,373,2026-06-05 15:41
Social Media & Public Opinion,80,2026-06-05 15:41
Global Issues,59,2026-06-05 15:41
Politics & Government,79,2026-06-05 15:41
Nuclear & Security Affairs,34,2026-06-05 15:41
International Affairs,74,2026-06-05 15:41
Security & Terrorism,56,2026-06-05 15:41
Regional Conflicts,56,2026-06-05 15:41
International Affairs,83,2026-06-05 12:17
Regional Conflicts,56,2026-06-05 12:17
Politics & Government,74,2026-06-05 12:17
Nuclear & Security Affairs,33,2026-06-05 12:17
Diplomacy & Relations,379,2026-06-05 12:17
Security & Terrorism,54,2026-06-05 12:17
Energy & Commodities,104,2026-06-05 12:17
Military & Defense,58,2026-06-05 12:17
Social Media & Public Opinion,81,2026-06-05 12:17
Global Issues,53,2026-06-05 12:17
Military & Defense,67,2026-06-05 08:58
Security & Terrorism,50,2026-06-05 08:58
Nuclear & Security Affairs,34,2026-06-05 08:58
Global Issues,52,2026-06-05 08:58
Energy & Commodities,102,2026-06-05 08:58
Politics & Government,79,2026-06-05 08:58
Social Media & Public Opinion,73,2026-06-05 08:58
Diplomacy & Relations,372,2026-06-05 08:58
Regional Conflicts,57,2026-06-05 08:58
International Affairs,89,2026-06-05 08:58
Global Issues,54,2026-06-05 05:04
Energy & Commodities,102,2026-06-05 05:04
Nuclear & Security Affairs,34,2026-06-05 05:04
Social Media & Public Opinion,69,2026-06-05 05:04
International Affairs,89,2026-06-05 05:04
Regional Conflicts,60,2026-06-05 05:04
Diplomacy & Relations,371,2026-06-05 05:04
Politics & Government,79,2026-06-05 05:04
Military & Defense,68,2026-06-05 05:04
Security & Terrorism,49,2026-06-05 05:04
Politics & Government,78,2026-06-05 00:17
Diplomacy & Relations,372,2026-06-05 00:17
Military & Defense,66,2026-06-05 00:17
Regional Conflicts,61,2026-06-05 00:17
Energy & Commodities,107,2026-06-05 00:17
Global Issues,52,2026-06-05 00:17
International Affairs,82,2026-06-05 00:17
Social Media & Public Opinion,68,2026-06-05 00:17
Security & Terrorism,54,2026-06-05 00:17
Nuclear & Security Affairs,35,2026-06-05 00:17
Security & Terrorism,54,2026-06-04 22:57
Military & Defense,66,2026-06-04 22:57
International Affairs,84,2026-06-04 22:57
Nuclear & Security Affairs,35,2026-06-04 22:57
Regional Conflicts,61,2026-06-04 22:57
Social Media & Public Opinion,70,2026-06-04 22:57
Energy & Commodities,105,2026-06-04 22:57
Diplomacy & Relations,371,2026-06-04 22:57
Global Issues,50,2026-06-04 22:57
Politics & Government,79,2026-06-04 22:57
Military & Defense,68,2026-06-04 21:19
Politics & Government,78,2026-06-04 21:19
International Affairs,78,2026-06-04 21:19
Regional Conflicts,58,2026-06-04 21:19
Social Media & Public Opinion,70,2026-06-04 21:19
Diplomacy & Relations,375,2026-06-04 21:19
Security & Terrorism,55,2026-06-04 21:19
Energy & Commodities,108,2026-06-04 21:19
Nuclear & Security Affairs,36,2026-06-04 21:19
Global Issues,49,2026-06-04 21:19
Politics & Government,72,2026-06-04 19:07
International Affairs,82,2026-06-04 19:07
Security & Terrorism,60,2026-06-04 19:07
Military & Defense,69,2026-06-04 19:07
Nuclear & Security Affairs,34,2026-06-04 19:07
Global Issues,47,2026-06-04 19:07
Diplomacy & Relations,371,2026-06-04 19:07
Energy & Commodities,108,2026-06-04 19:07
Regional Conflicts,59,2026-06-04 19:07
Social Media & Public Opinion,73,2026-06-04 19:07
Global Issues,48,2026-06-04 16:06
Diplomacy & Relations,372,2026-06-04 16:06
Social Media & Public Opinion,76,2026-06-04 16:06
Nuclear & Security Affairs,33,2026-06-04 16:06
Security & Terrorism,60,2026-06-04 16:06
Politics & Government,69,2026-06-04 16:06
International Affairs,77,2026-06-04 16:06
Military & Defense,75,2026-06-04 16:06
Regional Conflicts,61,2026-06-04 16:06
Energy & Commodities,104,2026-06-04 16:06
Security & Terrorism,59,2026-06-04 12:34
Military & Defense,74,2026-06-04 12:34
Social Media & Public Opinion,71,2026-06-04 12:34
International Affairs,83,2026-06-04 12:34
Energy & Commodities,105,2026-06-04 12:34
Nuclear & Security Affairs,33,2026-06-04 12:34
Global Issues,50,2026-06-04 12:34
Regional Conflicts,57,2026-06-04 12:34
Diplomacy & Relations,368,2026-06-04 12:34
Politics & Government,75,2026-06-04 12:34
Security & Terrorism,57,2026-06-04 09:36
Global Issues,50,2026-06-04 09:36
Diplomacy & Relations,384,2026-06-04 09:36
Energy & Commodities,97,2026-06-04 09:36
International Affairs,88,2026-06-04 09:36
Nuclear & Security Affairs,33,2026-06-04 09:36
Social Media & Public Opinion,66,2026-06-04 09:36
Politics & Government,69,2026-06-04 09:36
Regional Conflicts,54,2026-06-04 09:36
Military & Defense,77,2026-06-04 09:36
Social Media & Public Opinion,71,2026-06-04 05:28
Diplomacy & Relations,373,2026-06-04 05:28
Politics & Government,71,2026-06-04 05:28
Regional Conflicts,56,2026-06-04 05:28
Energy & Commodities,98,2026-06-04 05:28
Military & Defense,79,2026-06-04 05:28
Nuclear & Security Affairs,31,2026-06-04 05:28
Security & Terrorism,56,2026-06-04 05:28
International Affairs,86,2026-06-04 05:28
Global Issues,54,2026-06-04 05:28
Social Media & Public Opinion,70,2026-06-04 00:22
International Affairs,82,2026-06-04 00:22
Military & Defense,81,2026-06-04 00:22
Diplomacy & Relations,382,2026-06-04 00:22
Regional Conflicts,56,2026-06-04 00:22
Nuclear & Security Affairs,32,2026-06-04 00:22
Energy & Commodities,97,2026-06-04 00:22
Global Issues,49,2026-06-04 00:22
Politics & Government,68,2026-06-04 00:22
Security & Terrorism,58,2026-06-04 00:22
International Affairs,79,2026-06-03 22:17
Energy & Commodities,95,2026-06-03 22:17
Military & Defense,77,2026-06-03 22:17
Global Issues,54,2026-06-03 22:17
Nuclear & Security Affairs,34,2026-06-03 22:17
Regional Conflicts,57,2026-06-03 22:17
Security & Terrorism,55,2026-06-03 22:17
Social Media & Public Opinion,71,2026-06-03 22:17
Diplomacy & Relations,385,2026-06-03 22:17
Politics & Government,68,2026-06-03 22:17
International Affairs,75,2026-06-03 19:37
Regional Conflicts,59,2026-06-03 19:37
Energy & Commodities,93,2026-06-03 19:37
Global Issues,51,2026-06-03 19:37
Security & Terrorism,60,2026-06-03 19:37
Nuclear & Security Affairs,36,2026-06-03 19:37
Military & Defense,79,2026-06-03 19:37
Politics & Government,68,2026-06-03 19:37
Diplomacy & Relations,385,2026-06-03 19:37
Social Media & Public Opinion,69,2026-06-03 19:37
Diplomacy & Relations,384,2026-06-03 15:22
Global Issues,52,2026-06-03 15:22
Security & Terrorism,60,2026-06-03 15:22
Energy & Commodities,96,2026-06-03 15:22
Military & Defense,75,2026-06-03 15:22
Politics & Government,65,2026-06-03 15:22
International Affairs,77,2026-06-03 15:22
Regional Conflicts,55,2026-06-03 15:22
Nuclear & Security Affairs,41,2026-06-03 15:22
Social Media & Public Opinion,70,2026-06-03 15:22
Global Issues,51,2026-06-03 10:25
Politics & Government,67,2026-06-03 10:25
Regional Conflicts,57,2026-06-03 10:25
Social Media & Public Opinion,80,2026-06-03 10:25
Energy & Commodities,89,2026-06-03 10:25
International Affairs,81,2026-06-03 10:25
Nuclear & Security Affairs,37,2026-06-03 10:25
Military & Defense,78,2026-06-03 10:25
Security & Terrorism,61,2026-06-03 10:25
Diplomacy & Relations,374,2026-06-03 10:25
Nuclear & Security Affairs,44,2026-06-03 05:33
Global Issues,51,2026-06-03 05:33
International Affairs,87,2026-06-03 05:33
Diplomacy & Relations,362,2026-06-03 05:33
Military & Defense,69,2026-06-03 05:33
Energy & Commodities,96,2026-06-03 05:33
Security & Terrorism,64,2026-06-03 05:33
Social Media & Public Opinion,76,2026-06-03 05:33
Politics & Government,67,2026-06-03 05:33
Regional Conflicts,59,2026-06-03 05:33
Regional Conflicts,53,2026-06-03 00:19
Military & Defense,73,2026-06-03 00:19
Global Issues,52,2026-06-03 00:19
Diplomacy & Relations,364,2026-06-03 00:19
International Affairs,85,2026-06-03 00:19
Politics & Government,68,2026-06-03 00:19
Security & Terrorism,66,2026-06-03 00:19
Social Media & Public Opinion,74,2026-06-03 00:19
Energy & Commodities,98,2026-06-03 00:19
Nuclear & Security Affairs,42,2026-06-03 00:19
International Affairs,86,2026-06-02 22:26
Nuclear & Security Affairs,43,2026-06-02 22:26
Regional Conflicts,54,2026-06-02 22:26
Global Issues,51,2026-06-02 22:26
Security & Terrorism,63,2026-06-02 22:26
Military & Defense,75,2026-06-02 22:26
Diplomacy & Relations,365,2026-06-02 22:26
Energy & Commodities,100,2026-06-02 22:26
Social Media & Public Opinion,74,2026-06-02 22:26
Politics & Government,64,2026-06-02 22:26
Regional Conflicts,56,2026-06-02 19:58
Military & Defense,70,2026-06-02 19:58
International Affairs,83,2026-06-02 19:58
Nuclear & Security Affairs,43,2026-06-02 19:58
Social Media & Public Opinion,78,2026-06-02 19:58
Security & Terrorism,65,2026-06-02 19:58
Global Issues,52,2026-06-02 19:58
Politics & Government,59,2026-06-02 19:58
Diplomacy & Relations,376,2026-06-02 19:58
Energy & Commodities,93,2026-06-02 19:58
Diplomacy & Relations,364,2026-06-02 16:41
Politics & Government,59,2026-06-02 16:41
Global Issues,52,2026-06-02 16:41
International Affairs,85,2026-06-02 16:41
Regional Conflicts,57,2026-06-02 16:41
Energy & Commodities,89,2026-06-02 16:41
Nuclear & Security Affairs,44,2026-06-02 16:41
Military & Defense,74,2026-06-02 16:41
Security & Terrorism,68,2026-06-02 16:41
Social Media & Public Opinion,83,2026-06-02 16:41
Social Media & Public Opinion,81,2026-06-02 11:53
International Affairs,85,2026-06-02 11:53
Diplomacy & Relations,367,2026-06-02 11:53
Military & Defense,71,2026-06-02 11:53
Global Issues,51,2026-06-02 11:53
Regional Conflicts,60,2026-06-02 11:53
Security & Terrorism,72,2026-06-02 11:53
Politics & Government,56,2026-06-02 11:53
Energy & Commodities,91,2026-06-02 11:53
Nuclear & Security Affairs,41,2026-06-02 11:53
Military & Defense,74,2026-06-02 07:12
Regional Conflicts,61,2026-06-02 07:12
International Affairs,78,2026-06-02 07:12
Nuclear & Security Affairs,41,2026-06-02 07:12
Global Issues,55,2026-06-02 07:12
Security & Terrorism,76,2026-06-02 07:12
Energy & Commodities,93,2026-06-02 07:12
Social Media & Public Opinion,74,2026-06-02 07:12
Politics & Government,54,2026-06-02 07:12
Diplomacy & Relations,369,2026-06-02 07:12
Social Media & Public Opinion,76,2026-06-02 02:04
International Affairs,75,2026-06-02 02:04
Nuclear & Security Affairs,38,2026-06-02 02:04
Regional Conflicts,60,2026-06-02 02:04
Military & Defense,75,2026-06-02 02:04
Energy & Commodities,97,2026-06-02 02:04
Politics & Government,55,2026-06-02 02:04
Global Issues,59,2026-06-02 02:04
Security & Terrorism,76,2026-06-02 02:04
Diplomacy & Relations,364,2026-06-02 02:04
Social Media & Public Opinion,75,2026-06-01 23:04
Nuclear & Security Affairs,39,2026-06-01 23:04
International Affairs,79,2026-06-01 23:04
Security & Terrorism,73,2026-06-01 23:04
Diplomacy & Relations,367,2026-06-01 23:04
Regional Conflicts,57,2026-06-01 23:04
Politics & Government,54,2026-06-01 23:04
Energy & Commodities,98,2026-06-01 23:04
Military & Defense,74,2026-06-01 23:04
Global Issues,59,2026-06-01 23:04
Global Issues,58,2026-06-01 20:48
Military & Defense,73,2026-06-01 20:48
Social Media & Public Opinion,73,2026-06-01 20:48
Politics & Government,59,2026-06-01 20:48
Energy & Commodities,97,2026-06-01 20:48
Security & Terrorism,70,2026-06-01 20:48
Regional Conflicts,59,2026-06-01 20:48
International Affairs,82,2026-06-01 20:48
Diplomacy & Relations,368,2026-06-01 20:48
Nuclear & Security Affairs,36,2026-06-01 20:48
Regional Conflicts,63,2026-06-01 16:30
Social Media & Public Opinion,78,2026-06-01 16:30
Diplomacy & Relations,362,2026-06-01 16:30
International Affairs,83,2026-06-01 16:30
Security & Terrorism,68,2026-06-01 16:30
Nuclear & Security Affairs,40,2026-06-01 16:30
Politics & Government,63,2026-06-01 16:30
Global Issues,56,2026-06-01 16:30
Energy & Commodities,95,2026-06-01 16:30
Military & Defense,67,2026-06-01 16:30
Social Media & Public Opinion,73,2026-06-01 10:09
Military & Defense,68,2026-06-01 10:09
Diplomacy & Relations,354,2026-06-01 10:09
Politics & Government,60,2026-06-01 10:09
Security & Terrorism,76,2026-06-01 10:09
Regional Conflicts,61,2026-06-01 10:09
Global Issues,48,2026-06-01 10:09
International Affairs,85,2026-06-01 10:09
Energy & Commodities,105,2026-06-01 10:09
Nuclear & Security Affairs,45,2026-06-01 10:09
Social Media & Public Opinion,79,2026-06-01 04:43
Global Issues,43,2026-06-01 04:43
Regional Conflicts,57,2026-06-01 04:43
International Affairs,79,2026-06-01 04:43
Energy & Commodities,96,2026-06-01 04:43
Nuclear & Security Affairs,39,2026-06-01 04:43
Security & Terrorism,72,2026-06-01 04:43
Diplomacy & Relations,381,2026-06-01 04:43
Military & Defense,70,2026-06-01 04:43
Politics & Government,59,2026-06-01 04:43
International Affairs,79,2026-05-31 23:48
Nuclear & Security Affairs,34,2026-05-31 23:48
Security & Terrorism,78,2026-05-31 23:48
Energy & Commodities,95,2026-05-31 23:48
Global Issues,44,2026-05-31 23:48
Military & Defense,66,2026-05-31 23:48
Diplomacy & Relations,380,2026-05-31 23:48
Politics & Government,53,2026-05-31 23:48
Regional Conflicts,63,2026-05-31 23:48
Social Media & Public Opinion,83,2026-05-31 23:48
Security & Terrorism,80,2026-05-31 22:42
Social Media & Public Opinion,84,2026-05-31 22:42
International Affairs,79,2026-05-31 22:42
Global Issues,43,2026-05-31 22:42
Diplomacy & Relations,381,2026-05-31 22:42
Energy & Commodities,92,2026-05-31 22:42
Regional Conflicts,66,2026-05-31 22:42
Military & Defense,62,2026-05-31 22:42
Nuclear & Security Affairs,35,2026-05-31 22:42
Politics & Government,53,2026-05-31 22:42
Military & Defense,63,2026-05-31 21:05
Energy & Commodities,93,2026-05-31 21:05
Security & Terrorism,73,2026-05-31 21:05
International Affairs,79,2026-05-31 21:05
Regional Conflicts,70,2026-05-31 21:05
Nuclear & Security Affairs,39,2026-05-31 21:05
Global Issues,43,2026-05-31 21:05
Politics & Government,55,2026-05-31 21:05
Social Media & Public Opinion,83,2026-05-31 21:05
Diplomacy & Relations,377,2026-05-31 21:05
Politics & Government,57,2026-05-31 19:55
Military & Defense,63,2026-05-31 19:55
Diplomacy & Relations,380,2026-05-31 19:55
Regional Conflicts,67,2026-05-31 19:55
Global Issues,44,2026-05-31 19:55
Energy & Commodities,94,2026-05-31 19:55
International Affairs,79,2026-05-31 19:55
Nuclear & Security Affairs,36,2026-05-31 19:55
Security & Terrorism,73,2026-05-31 19:55
Social Media & Public Opinion,82,2026-05-31 19:55
Nuclear & Security Affairs,34,2026-05-31 18:07
Social Media & Public Opinion,86,2026-05-31 18:07
Global Issues,44,2026-05-31 18:07
Security & Terrorism,68,2026-05-31 18:07
Energy & Commodities,100,2026-05-31 18:07
Diplomacy & Relations,373,2026-05-31 18:07
Regional Conflicts,68,2026-05-31 18:07
Military & Defense,63,2026-05-31 18:07
Politics & Government,58,2026-05-31 18:07
International Affairs,81,2026-05-31 18:07
Diplomacy & Relations,379,2026-05-31 16:47
Nuclear & Security Affairs,36,2026-05-31 16:47
Energy & Commodities,97,2026-05-31 16:47
International Affairs,77,2026-05-31 16:47
Military & Defense,65,2026-05-31 16:47
Social Media & Public Opinion,86,2026-05-31 16:47
Regional Conflicts,62,2026-05-31 16:47
Global Issues,42,2026-05-31 16:47
Politics & Government,59,2026-05-31 16:47
Security & Terrorism,72,2026-05-31 16:47
Nuclear & Security Affairs,40,2026-05-31 15:06
Security & Terrorism,72,2026-05-31 15:06
Regional Conflicts,58,2026-05-31 15:06
Military & Defense,65,2026-05-31 15:06
Politics & Government,57,2026-05-31 15:06
Social Media & Public Opinion,87,2026-05-31 15:06
Diplomacy & Relations,374,2026-05-31 15:06
Energy & Commodities,103,2026-05-31 15:06
Global Issues,43,2026-05-31 15:06
International Affairs,76,2026-05-31 15:06
Global Issues,44,2026-05-31 13:03
Energy & Commodities,102,2026-05-31 13:03
Military & Defense,74,2026-05-31 13:03
International Affairs,80,2026-05-31 13:03
Regional Conflicts,61,2026-05-31 13:03
Diplomacy & Relations,367,2026-05-31 13:03
Nuclear & Security Affairs,36,2026-05-31 13:03
Politics & Government,58,2026-05-31 13:03
Security & Terrorism,66,2026-05-31 13:03
Social Media & Public Opinion,87,2026-05-31 13:03
Global Issues,42,2026-05-31 11:21
Energy & Commodities,100,2026-05-31 11:21
Regional Conflicts,60,2026-05-31 11:21
International Affairs,82,2026-05-31 11:21
Diplomacy & Relations,373,2026-05-31 11:21
Social Media & Public Opinion,83,2026-05-31 11:21
Security & Terrorism,67,2026-05-31 11:21
Nuclear & Security Affairs,36,2026-05-31 11:21
Military & Defense,76,2026-05-31 11:21
Politics & Government,56,2026-05-31 11:21
Military & Defense,76,2026-05-31 09:38
Security & Terrorism,68,2026-05-31 09:38
Nuclear & Security Affairs,35,2026-05-31 09:38
Politics & Government,60,2026-05-31 09:38
Diplomacy & Relations,375,2026-05-31 09:38
Global Issues,37,2026-05-31 09:38
International Affairs,82,2026-05-31 09:38
Energy & Commodities,99,2026-05-31 09:38
Regional Conflicts,58,2026-05-31 09:38
Social Media & Public Opinion,85,2026-05-31 09:38
Social Media & Public Opinion,81,2026-05-31 06:24
Security & Terrorism,68,2026-05-31 06:24
Nuclear & Security Affairs,31,2026-05-31 06:24
Military & Defense,76,2026-05-31 06:24
Global Issues,40,2026-05-31 06:24
International Affairs,83,2026-05-31 06:24
Politics & Government,65,2026-05-31 06:24
Diplomacy & Relations,375,2026-05-31 06:24
Regional Conflicts,56,2026-05-31 06:24
Energy & Commodities,100,2026-05-31 06:24
Politics & Government,60,2026-05-31 01:55
Military & Defense,81,2026-05-31 01:55
International Affairs,87,2026-05-31 01:55
Global Issues,42,2026-05-31 01:55
Security & Terrorism,68,2026-05-31 01:55
Regional Conflicts,56,2026-05-31 01:55
Nuclear & Security Affairs,29,2026-05-31 01:55
Diplomacy & Relations,375,2026-05-31 01:55
Social Media & Public Opinion,80,2026-05-31 01:55
Energy & Commodities,97,2026-05-31 01:55
Diplomacy & Relations,366,2026-05-30 23:44
Regional Conflicts,55,2026-05-30 23:44
Politics & Government,59,2026-05-30 23:44
Global Issues,42,2026-05-30 23:44
Nuclear & Security Affairs,27,2026-05-30 23:44
Military & Defense,82,2026-05-30 23:44
Energy & Commodities,104,2026-05-30 23:44
Security & Terrorism,70,2026-05-30 23:44
International Affairs,87,2026-05-30 23:44
Social Media & Public Opinion,83,2026-05-30 23:44
Global Issues,45,2026-05-30 22:42
Social Media & Public Opinion,82,2026-05-30 22:42
Nuclear & Security Affairs,28,2026-05-30 22:42
International Affairs,87,2026-05-30 22:42
Military & Defense,82,2026-05-30 22:42
Regional Conflicts,54,2026-05-30 22:42
Energy & Commodities,105,2026-05-30 22:42
Diplomacy & Relations,365,2026-05-30 22:42
Security & Terrorism,71,2026-05-30 22:42
Politics & Government,56,2026-05-30 22:42
Energy & Commodities,106,2026-05-30 21:43
Diplomacy & Relations,364,2026-05-30 21:43
Security & Terrorism,72,2026-05-30 21:43
Social Media & Public Opinion,82,2026-05-30 21:43
International Affairs,87,2026-05-30 21:43
Military & Defense,81,2026-05-30 21:43
Nuclear & Security Affairs,29,2026-05-30 21:43
Global Issues,43,2026-05-30 21:43
Regional Conflicts,55,2026-05-30 21:43
Politics & Government,56,2026-05-30 21:43
Energy & Commodities,111,2026-05-30 20:38
Nuclear & Security Affairs,29,2026-05-30 20:38
Military & Defense,78,2026-05-30 20:38
International Affairs,88,2026-05-30 20:38
Regional Conflicts,54,2026-05-30 20:38
Global Issues,46,2026-05-30 20:38
Politics & Government,54,2026-05-30 20:38
Social Media & Public Opinion,79,2026-05-30 20:38
Diplomacy & Relations,363,2026-05-30 20:38
Security & Terrorism,73,2026-05-30 20:38
International Affairs,88,2026-05-30 19:24
Regional Conflicts,57,2026-05-30 19:24
Politics & Government,52,2026-05-30 19:24
Military & Defense,77,2026-05-30 19:24
Diplomacy & Relations,366,2026-05-30 19:24
Global Issues,44,2026-05-30 19:24
Nuclear & Security Affairs,29,2026-05-30 19:24
Security & Terrorism,73,2026-05-30 19:24
Energy & Commodities,110,2026-05-30 19:24
Social Media & Public Opinion,79,2026-05-30 19:24
Diplomacy & Relations,374,2026-05-30 17:50
Global Issues,44,2026-05-30 17:50
Military & Defense,75,2026-05-30 17:50
Politics & Government,50,2026-05-30 17:50
Security & Terrorism,72,2026-05-30 17:50
Social Media & Public Opinion,78,2026-05-30 17:50
Nuclear & Security Affairs,30,2026-05-30 17:50
Energy & Commodities,106,2026-05-30 17:50
International Affairs,90,2026-05-30 17:50
Regional Conflicts,56,2026-05-30 17:50
Social Media & Public Opinion,78,2026-05-30 16:45
International Affairs,92,2026-05-30 16:45
Regional Conflicts,55,2026-05-30 16:45
Nuclear & Security Affairs,27,2026-05-30 16:45
Diplomacy & Relations,369,2026-05-30 16:45
Security & Terrorism,72,2026-05-30 16:45
Energy & Commodities,112,2026-05-30 16:45
Global Issues,45,2026-05-30 16:45
Military & Defense,76,2026-05-30 16:45
Politics & Government,49,2026-05-30 16:45
Energy & Commodities,115,2026-05-30 15:19
Social Media & Public Opinion,73,2026-05-30 15:19
Diplomacy & Relations,367,2026-05-30 15:19
Politics & Government,48,2026-05-30 15:19
International Affairs,85,2026-05-30 15:19
Global Issues,48,2026-05-30 15:19
Nuclear & Security Affairs,30,2026-05-30 15:19
Security & Terrorism,76,2026-05-30 15:19
Regional Conflicts,57,2026-05-30 15:19
Military & Defense,76,2026-05-30 15:19
Security & Terrorism,80,2026-05-30 14:00
Energy & Commodities,116,2026-05-30 14:00
Politics & Government,46,2026-05-30 14:00
Regional Conflicts,57,2026-05-30 14:00
Global Issues,49,2026-05-30 14:00
International Affairs,85,2026-05-30 14:00
Diplomacy & Relations,368,2026-05-30 14:00
Social Media & Public Opinion,72,2026-05-30 14:00
Nuclear & Security Affairs,31,2026-05-30 14:00
Military & Defense,71,2026-05-30 14:00
Regional Conflicts,58,2026-05-30 11:59
Security & Terrorism,81,2026-05-30 11:59
Nuclear & Security Affairs,28,2026-05-30 11:59
Social Media & Public Opinion,69,2026-05-30 11:59
Military & Defense,71,2026-05-30 11:59
Global Issues,52,2026-05-30 11:59
Energy & Commodities,107,2026-05-30 11:59
Politics & Government,45,2026-05-30 11:59
International Affairs,88,2026-05-30 11:59
Diplomacy & Relations,376,2026-05-30 11:59
Regional Conflicts,58,2026-05-30 10:29
Energy & Commodities,111,2026-05-30 10:29
Global Issues,50,2026-05-30 10:29
Military & Defense,71,2026-05-30 10:29
International Affairs,86,2026-05-30 10:29
Social Media & Public Opinion,72,2026-05-30 10:29
Nuclear & Security Affairs,27,2026-05-30 10:29
Diplomacy & Relations,372,2026-05-30 10:29
Politics & Government,48,2026-05-30 10:29
Security & Terrorism,80,2026-05-30 10:29
Regional Conflicts,59,2026-05-30 08:10
Nuclear & Security Affairs,30,2026-05-30 08:10
Global Issues,50,2026-05-30 08:10
International Affairs,84,2026-05-30 08:10
Security & Terrorism,74,2026-05-30 08:10
Social Media & Public Opinion,70,2026-05-30 08:10
Military & Defense,69,2026-05-30 08:10
Politics & Government,49,2026-05-30 08:10
Energy & Commodities,110,2026-05-30 08:10
Diplomacy & Relations,380,2026-05-30 08:10
International Affairs,86,2026-05-30 05:35
Global Issues,49,2026-05-30 05:35
Regional Conflicts,61,2026-05-30 05:35
Diplomacy & Relations,387,2026-05-30 05:35
Energy & Commodities,101,2026-05-30 05:35
Nuclear & Security Affairs,29,2026-05-30 05:35
Military & Defense,71,2026-05-30 05:35
Security & Terrorism,73,2026-05-30 05:35
Social Media & Public Opinion,74,2026-05-30 05:35
Politics & Government,44,2026-05-30 05:35
Diplomacy & Relations,375,2026-05-30 01:31
Politics & Government,50,2026-05-30 01:31
Social Media & Public Opinion,78,2026-05-30 01:31
Nuclear & Security Affairs,31,2026-05-30 01:31
Regional Conflicts,59,2026-05-30 01:31
International Affairs,83,2026-05-30 01:31
Energy & Commodities,102,2026-05-30 01:31
Global Issues,52,2026-05-30 01:31
Military & Defense,75,2026-05-30 01:31
Security & Terrorism,70,2026-05-30 01:31
Global Issues,54,2026-05-29 23:24
Politics & Government,46,2026-05-29 23:24
Energy & Commodities,100,2026-05-29 23:24
Diplomacy & Relations,381,2026-05-29 23:24
Social Media & Public Opinion,76,2026-05-29 23:24
Security & Terrorism,73,2026-05-29 23:24
Military & Defense,76,2026-05-29 23:24
International Affairs,81,2026-05-29 23:24
Regional Conflicts,59,2026-05-29 23:24
Nuclear & Security Affairs,29,2026-05-29 23:24
Nuclear & Security Affairs,33,2026-05-29 22:00
Regional Conflicts,59,2026-05-29 22:00
Energy & Commodities,104,2026-05-29 22:00
Social Media & Public Opinion,77,2026-05-29 22:00
Diplomacy & Relations,373,2026-05-29 22:00
Security & Terrorism,74,2026-05-29 22:00
Global Issues,49,2026-05-29 22:00
Politics & Government,48,2026-05-29 22:00
Military & Defense,76,2026-05-29 22:00
International Affairs,82,2026-05-29 22:00
Global Issues,50,2026-05-29 19:58
Politics & Government,48,2026-05-29 19:58
Social Media & Public Opinion,75,2026-05-29 19:58
Nuclear & Security Affairs,35,2026-05-29 19:58
Regional Conflicts,62,2026-05-29 19:58
Security & Terrorism,77,2026-05-29 19:58
Military & Defense,69,2026-05-29 19:58
Diplomacy & Relations,370,2026-05-29 19:58
Energy & Commodities,101,2026-05-29 19:58
International Affairs,88,2026-05-29 19:58
Nuclear & Security Affairs,33,2026-05-29 17:36
International Affairs,84,2026-05-29 17:36
Energy & Commodities,102,2026-05-29 17:36
Diplomacy & Relations,361,2026-05-29 17:36
Military & Defense,80,2026-05-29 17:36
Security & Terrorism,79,2026-05-29 17:36
Global Issues,53,2026-05-29 17:36
Politics & Government,48,2026-05-29 17:36
Social Media & Public Opinion,76,2026-05-29 17:36
Regional Conflicts,59,2026-05-29 17:36
Security & Terrorism,72,2026-05-29 13:50
Social Media & Public Opinion,76,2026-05-29 13:50
Energy & Commodities,102,2026-05-29 13:50
Military & Defense,78,2026-05-29 13:50
International Affairs,77,2026-05-29 13:50
Regional Conflicts,56,2026-05-29 13:50
Nuclear & Security Affairs,37,2026-05-29 13:50
Diplomacy & Relations,371,2026-05-29 13:50
Politics & Government,51,2026-05-29 13:50
Global Issues,55,2026-05-29 13:50
Energy & Commodities,101,2026-05-29 10:12
Social Media & Public Opinion,79,2026-05-29 10:12
Global Issues,53,2026-05-29 10:12
Security & Terrorism,75,2026-05-29 10:12
International Affairs,75,2026-05-29 10:12
Nuclear & Security Affairs,34,2026-05-29 10:12
Diplomacy & Relations,372,2026-05-29 10:12
Regional Conflicts,58,2026-05-29 10:12
Politics & Government,57,2026-05-29 10:12
Military & Defense,71,2026-05-29 10:12
Social Media & Public Opinion,72,2026-05-29 05:58
International Affairs,69,2026-05-29 05:58
Security & Terrorism,73,2026-05-29 05:58
Global Issues,54,2026-05-29 05:58
Diplomacy & Relations,384,2026-05-29 05:58
Nuclear & Security Affairs,34,2026-05-29 05:58
Regional Conflicts,58,2026-05-29 05:58
Politics & Government,56,2026-05-29 05:58
Energy & Commodities,99,2026-05-29 05:58
Military & Defense,76,2026-05-29 05:58
Security & Terrorism,77,2026-05-29 01:35
Energy & Commodities,88,2026-05-29 01:35
Regional Conflicts,61,2026-05-29 01:35
Military & Defense,83,2026-05-29 01:35
Global Issues,52,2026-05-29 01:35
International Affairs,71,2026-05-29 01:35
Diplomacy & Relations,374,2026-05-29 01:35
Nuclear & Security Affairs,40,2026-05-29 01:35
Social Media & Public Opinion,71,2026-05-29 01:35
Politics & Government,58,2026-05-29 01:35
Diplomacy & Relations,370,2026-05-28 23:02
Politics & Government,61,2026-05-28 23:02
Nuclear & Security Affairs,42,2026-05-28 23:02
Regional Conflicts,64,2026-05-28 23:02
Energy & Commodities,91,2026-05-28 23:02
Security & Terrorism,75,2026-05-28 23:02
International Affairs,72,2026-05-28 23:02
Global Issues,51,2026-05-28 23:02
Social Media & Public Opinion,69,2026-05-28 23:02
Military & Defense,80,2026-05-28 23:02
Nuclear & Security Affairs,38,2026-05-28 21:36
Social Media & Public Opinion,67,2026-05-28 21:36
Diplomacy & Relations,365,2026-05-28 21:36
Military & Defense,84,2026-05-28 21:36
Politics & Government,62,2026-05-28 21:36
Energy & Commodities,97,2026-05-28 21:36
Regional Conflicts,66,2026-05-28 21:36
Security & Terrorism,72,2026-05-28 21:36
International Affairs,73,2026-05-28 21:36
Global Issues,51,2026-05-28 21:36
Social Media & Public Opinion,68,2026-05-28 19:29
Energy & Commodities,95,2026-05-28 19:29
International Affairs,69,2026-05-28 19:29
Military & Defense,82,2026-05-28 19:29
Regional Conflicts,71,2026-05-28 19:29
Security & Terrorism,70,2026-05-28 19:29
Nuclear & Security Affairs,36,2026-05-28 19:29
Global Issues,52,2026-05-28 19:29
Politics & Government,68,2026-05-28 19:29
Diplomacy & Relations,364,2026-05-28 19:29
Global Issues,51,2026-05-28 16:44
Nuclear & Security Affairs,35,2026-05-28 16:44
Security & Terrorism,74,2026-05-28 16:44
Energy & Commodities,93,2026-05-28 16:44
Regional Conflicts,72,2026-05-28 16:44
Social Media & Public Opinion,71,2026-05-28 16:44
Diplomacy & Relations,366,2026-05-28 16:44
International Affairs,69,2026-05-28 16:44
Military & Defense,80,2026-05-28 16:44
Politics & Government,64,2026-05-28 16:44
Social Media & Public Opinion,71,2026-05-28 12:15
Security & Terrorism,81,2026-05-28 12:15
Global Issues,49,2026-05-28 12:15
Diplomacy & Relations,380,2026-05-28 12:15
Nuclear & Security Affairs,42,2026-05-28 12:15
Military & Defense,82,2026-05-28 12:15
International Affairs,61,2026-05-28 12:15
Politics & Government,52,2026-05-28 12:15
Energy & Commodities,93,2026-05-28 12:15
Regional Conflicts,64,2026-05-28 12:15
Regional Conflicts,62,2026-05-28 08:34
International Affairs,60,2026-05-28 08:34
Politics & Government,58,2026-05-28 08:34
Global Issues,48,2026-05-28 08:34
Diplomacy & Relations,375,2026-05-28 08:34
Security & Terrorism,82,2026-05-28 08:34
Social Media & Public Opinion,69,2026-05-28 08:34
Military & Defense,74,2026-05-28 08:34
Nuclear & Security Affairs,47,2026-05-28 08:34
Energy & Commodities,100,2026-05-28 08:34
Diplomacy & Relations,380,2026-05-28 04:01
Nuclear & Security Affairs,50,2026-05-28 04:01
Global Issues,45,2026-05-28 04:01
Energy & Commodities,99,2026-05-28 04:01
Politics & Government,56,2026-05-28 04:01
Social Media & Public Opinion,62,2026-05-28 04:01
Security & Terrorism,82,2026-05-28 04:01
Regional Conflicts,66,2026-05-28 04:01
Military & Defense,77,2026-05-28 04:01
International Affairs,58,2026-05-28 04:01
Energy & Commodities,99,2026-05-27 23:49
Diplomacy & Relations,387,2026-05-27 23:49
Military & Defense,76,2026-05-27 23:49
Global Issues,43,2026-05-27 23:49
Politics & Government,59,2026-05-27 23:49
Nuclear & Security Affairs,52,2026-05-27 23:49
Regional Conflicts,65,2026-05-27 23:49
Security & Terrorism,75,2026-05-27 23:49
Social Media & Public Opinion,63,2026-05-27 23:49
International Affairs,56,2026-05-27 23:49
Regional Conflicts,65,2026-05-27 22:23
Security & Terrorism,69,2026-05-27 22:23
Diplomacy & Relations,395,2026-05-27 22:23
Social Media & Public Opinion,63,2026-05-27 22:23
Global Issues,41,2026-05-27 22:23
Politics & Government,56,2026-05-27 22:23
Military & Defense,73,2026-05-27 22:23
Nuclear & Security Affairs,51,2026-05-27 22:23
International Affairs,59,2026-05-27 22:23
Energy & Commodities,103,2026-05-27 22:23
Social Media & Public Opinion,66,2026-05-27 20:27
International Affairs,62,2026-05-27 20:27
Energy & Commodities,101,2026-05-27 20:27
Security & Terrorism,67,2026-05-27 20:27
Military & Defense,74,2026-05-27 20:27
Nuclear & Security Affairs,49,2026-05-27 20:27
Global Issues,40,2026-05-27 20:27
Diplomacy & Relations,395,2026-05-27 20:27
Regional Conflicts,63,2026-05-27 20:27
Politics & Government,58,2026-05-27 20:27
International Affairs,69,2026-05-27 17:46
Regional Conflicts,66,2026-05-27 17:46
Global Issues,40,2026-05-27 17:46
Military & Defense,73,2026-05-27 17:46
Politics & Government,65,2026-05-27 17:46
Social Media & Public Opinion,72,2026-05-27 17:46
Nuclear & Security Affairs,39,2026-05-27 17:46
Security & Terrorism,66,2026-05-27 17:46
Energy & Commodities,105,2026-05-27 17:46
Diplomacy & Relations,380,2026-05-27 17:46
Military & Defense,72,2026-05-27 14:06
Politics & Government,71,2026-05-27 14:06
Social Media & Public Opinion,69,2026-05-27 14:06
Security & Terrorism,66,2026-05-27 14:06
Diplomacy & Relations,379,2026-05-27 14:06
Global Issues,45,2026-05-27 14:06
International Affairs,70,2026-05-27 14:06
Regional Conflicts,69,2026-05-27 14:06
Nuclear & Security Affairs,31,2026-05-27 14:06
Energy & Commodities,103,2026-05-27 14:06
Military & Defense,78,2026-05-27 10:43
Diplomacy & Relations,384,2026-05-27 10:43
Energy & Commodities,104,2026-05-27 10:43
Security & Terrorism,67,2026-05-27 10:43
International Affairs,62,2026-05-27 10:43
Social Media & Public Opinion,73,2026-05-27 10:43
Regional Conflicts,66,2026-05-27 10:43
Nuclear & Security Affairs,32,2026-05-27 10:43
Politics & Government,65,2026-05-27 10:43
Global Issues,44,2026-05-27 10:43
Regional Conflicts,62,2026-05-27 06:25
International Affairs,64,2026-05-27 06:25
Military & Defense,81,2026-05-27 06:25
Diplomacy & Relations,382,2026-05-27 06:25
Global Issues,48,2026-05-27 06:25
Security & Terrorism,66,2026-05-27 06:25
Politics & Government,66,2026-05-27 06:25
Social Media & Public Opinion,69,2026-05-27 06:25
Energy & Commodities,103,2026-05-27 06:25
Nuclear & Security Affairs,34,2026-05-27 06:25
Energy & Commodities,102,2026-05-27 01:53
Global Issues,48,2026-05-27 01:53
Military & Defense,79,2026-05-27 01:53
Security & Terrorism,65,2026-05-27 01:53
International Affairs,70,2026-05-27 01:53
Nuclear & Security Affairs,31,2026-05-27 01:53
Politics & Government,64,2026-05-27 01:53
Diplomacy & Relations,382,2026-05-27 01:53
Regional Conflicts,62,2026-05-27 01:53
Social Media & Public Opinion,72,2026-05-27 01:53
Global Issues,47,2026-05-26 23:13
Military & Defense,81,2026-05-26 23:13
Politics & Government,64,2026-05-26 23:13
Social Media & Public Opinion,75,2026-05-26 23:13
Nuclear & Security Affairs,33,2026-05-26 23:13
Energy & Commodities,97,2026-05-26 23:13
International Affairs,70,2026-05-26 23:13
Security & Terrorism,65,2026-05-26 23:13
Regional Conflicts,61,2026-05-26 23:13
Diplomacy & Relations,382,2026-05-26 23:13
Global Issues,46,2026-05-26 21:49
Security & Terrorism,64,2026-05-26 21:49
Diplomacy & Relations,384,2026-05-26 21:49
Social Media & Public Opinion,76,2026-05-26 21:49
Politics & Government,62,2026-05-26 21:49
International Affairs,70,2026-05-26 21:49
Nuclear & Security Affairs,33,2026-05-26 21:49
Energy & Commodities,101,2026-05-26 21:49
Military & Defense,80,2026-05-26 21:49
Regional Conflicts,59,2026-05-26 21:49
Security & Terrorism,58,2026-05-26 19:47
Regional Conflicts,61,2026-05-26 19:47
Politics & Government,62,2026-05-26 19:47
Military & Defense,86,2026-05-26 19:47
Energy & Commodities,102,2026-05-26 19:47
Nuclear & Security Affairs,33,2026-05-26 19:47
International Affairs,74,2026-05-26 19:47
Global Issues,48,2026-05-26 19:47
Social Media & Public Opinion,80,2026-05-26 19:47
Diplomacy & Relations,371,2026-05-26 19:47
Energy & Commodities,102,2026-05-26 17:02
Social Media & Public Opinion,86,2026-05-26 17:02
Regional Conflicts,63,2026-05-26 17:02
Military & Defense,83,2026-05-26 17:02
Politics & Government,58,2026-05-26 17:02
Diplomacy & Relations,371,2026-05-26 17:02
Nuclear & Security Affairs,34,2026-05-26 17:02
Security & Terrorism,54,2026-05-26 17:02
International Affairs,75,2026-05-26 17:02
Global Issues,49,2026-05-26 17:02
Energy & Commodities,106,2026-05-26 13:42
Politics & Government,54,2026-05-26 13:42
Diplomacy & Relations,380,2026-05-26 13:42
Military & Defense,79,2026-05-26 13:42
Social Media & Public Opinion,80,2026-05-26 13:42
International Affairs,72,2026-05-26 13:42
Nuclear & Security Affairs,36,2026-05-26 13:42
Global Issues,46,2026-05-26 13:42
Security & Terrorism,55,2026-05-26 13:42
Regional Conflicts,67,2026-05-26 13:42
Social Media & Public Opinion,82,2026-05-26 10:04
Diplomacy & Relations,371,2026-05-26 10:04
Regional Conflicts,65,2026-05-26 10:04
Politics & Government,54,2026-05-26 10:04
Security & Terrorism,55,2026-05-26 10:04
Global Issues,47,2026-05-26 10:04
Nuclear & Security Affairs,40,2026-05-26 10:04
International Affairs,68,2026-05-26 10:04
Energy & Commodities,111,2026-05-26 10:04
Military & Defense,82,2026-05-26 10:04
Regional Conflicts,68,2026-05-26 05:51
Global Issues,48,2026-05-26 05:51
Security & Terrorism,53,2026-05-26 05:51
Nuclear & Security Affairs,38,2026-05-26 05:51
Military & Defense,87,2026-05-26 05:51
International Affairs,71,2026-05-26 05:51
Energy & Commodities,103,2026-05-26 05:51
Politics & Government,55,2026-05-26 05:51
Social Media & Public Opinion,82,2026-05-26 05:51
Diplomacy & Relations,370,2026-05-26 05:51
International Affairs,72,2026-05-26 01:31
Military & Defense,82,2026-05-26 01:31
Energy & Commodities,103,2026-05-26 01:31
Nuclear & Security Affairs,39,2026-05-26 01:31
Social Media & Public Opinion,79,2026-05-26 01:31
Regional Conflicts,65,2026-05-26 01:31
Global Issues,46,2026-05-26 01:31
Security & Terrorism,60,2026-05-26 01:31
Diplomacy & Relations,373,2026-05-26 01:31
Politics & Government,56,2026-05-26 01:31
Energy & Commodities,104,2026-05-25 23:10
International Affairs,79,2026-05-25 23:10
Social Media & Public Opinion,75,2026-05-25 23:10
Military & Defense,77,2026-05-25 23:10
Security & Terrorism,65,2026-05-25 23:10
Politics & Government,56,2026-05-25 23:10
Diplomacy & Relations,373,2026-05-25 23:10
Nuclear & Security Affairs,36,2026-05-25 23:10
Global Issues,46,2026-05-25 23:10
Regional Conflicts,64,2026-05-25 23:10
Global Issues,45,2026-05-25 21:53
Nuclear & Security Affairs,35,2026-05-25 21:53
Regional Conflicts,64,2026-05-25 21:53
Social Media & Public Opinion,76,2026-05-25 21:53
Politics & Government,57,2026-05-25 21:53
International Affairs,77,2026-05-25 21:53
Military & Defense,78,2026-05-25 21:53
Diplomacy & Relations,376,2026-05-25 21:53
Energy & Commodities,103,2026-05-25 21:53
Security & Terrorism,64,2026-05-25 21:53
Security & Terrorism,67,2026-05-25 20:15
Diplomacy & Relations,371,2026-05-25 20:15
Social Media & Public Opinion,78,2026-05-25 20:15
Energy & Commodities,105,2026-05-25 20:15
International Affairs,77,2026-05-25 20:15
Nuclear & Security Affairs,38,2026-05-25 20:15
Global Issues,45,2026-05-25 20:15
Military & Defense,78,2026-05-25 20:15
Regional Conflicts,60,2026-05-25 20:15
Politics & Government,56,2026-05-25 20:15
Military & Defense,78,2026-05-25 18:27
Global Issues,44,2026-05-25 18:27
Energy & Commodities,99,2026-05-25 18:27
International Affairs,76,2026-05-25 18:27
Politics & Government,60,2026-05-25 18:27
Diplomacy & Relations,371,2026-05-25 18:27
Nuclear & Security Affairs,40,2026-05-25 18:27
Security & Terrorism,71,2026-05-25 18:27
Regional Conflicts,57,2026-05-25 18:27
Social Media & Public Opinion,79,2026-05-25 18:27
Regional Conflicts,61,2026-05-25 16:54
Politics & Government,60,2026-05-25 16:54
Energy & Commodities,95,2026-05-25 16:54
Diplomacy & Relations,367,2026-05-25 16:54
International Affairs,75,2026-05-25 16:54
Social Media & Public Opinion,78,2026-05-25 16:54
Global Issues,44,2026-05-25 16:54
Military & Defense,81,2026-05-25 16:54
Security & Terrorism,73,2026-05-25 16:54
Nuclear & Security Affairs,41,2026-05-25 16:54
Social Media & Public Opinion,72,2026-05-25 14:16
Politics & Government,58,2026-05-25 14:16
Military & Defense,84,2026-05-25 14:16
Nuclear & Security Affairs,37,2026-05-25 14:16
Energy & Commodities,100,2026-05-25 14:16
Diplomacy & Relations,372,2026-05-25 14:16
Security & Terrorism,72,2026-05-25 14:16
Global Issues,42,2026-05-25 14:16
International Affairs,74,2026-05-25 14:16
Regional Conflicts,64,2026-05-25 14:16
Social Media & Public Opinion,64,2026-05-25 11:00
Security & Terrorism,79,2026-05-25 11:00
Military & Defense,85,2026-05-25 11:00
Diplomacy & Relations,376,2026-05-25 11:00
Global Issues,40,2026-05-25 11:00
Regional Conflicts,69,2026-05-25 11:00
International Affairs,72,2026-05-25 11:00
Energy & Commodities,103,2026-05-25 11:00
Politics & Government,56,2026-05-25 11:00
Nuclear & Security Affairs,31,2026-05-25 11:00
Military & Defense,75,2026-05-25 06:41
Energy & Commodities,99,2026-05-25 06:41
Politics & Government,58,2026-05-25 06:41
Security & Terrorism,78,2026-05-25 06:41
Nuclear & Security Affairs,33,2026-05-25 06:41
International Affairs,76,2026-05-25 06:41
Regional Conflicts,69,2026-05-25 06:41
Social Media & Public Opinion,75,2026-05-25 06:41
Diplomacy & Relations,371,2026-05-25 06:41
Global Issues,41,2026-05-25 06:41
Global Issues,44,2026-05-25 01:56
Social Media & Public Opinion,76,2026-05-25 01:56
Nuclear & Security Affairs,32,2026-05-25 01:56
Diplomacy & Relations,366,2026-05-25 01:56
International Affairs,72,2026-05-25 01:56
Military & Defense,77,2026-05-25 01:56
Regional Conflicts,66,2026-05-25 01:56
Energy & Commodities,97,2026-05-25 01:56
Security & Terrorism,81,2026-05-25 01:56
Politics & Government,64,2026-05-25 01:56
Security & Terrorism,77,2026-05-24 23:45
Social Media & Public Opinion,81,2026-05-24 23:45
Politics & Government,65,2026-05-24 23:45
Diplomacy & Relations,362,2026-05-24 23:45
International Affairs,71,2026-05-24 23:45
Nuclear & Security Affairs,32,2026-05-24 23:45
Energy & Commodities,99,2026-05-24 23:45
Military & Defense,79,2026-05-24 23:45
Regional Conflicts,64,2026-05-24 23:45
Global Issues,45,2026-05-24 23:45
International Affairs,69,2026-05-24 22:42
Security & Terrorism,78,2026-05-24 22:42
Military & Defense,79,2026-05-24 22:42
Energy & Commodities,99,2026-05-24 22:42
Diplomacy & Relations,371,2026-05-24 22:42
Nuclear & Security Affairs,29,2026-05-24 22:42
Global Issues,46,2026-05-24 22:42
Regional Conflicts,62,2026-05-24 22:42
Politics & Government,65,2026-05-24 22:42
Social Media & Public Opinion,77,2026-05-24 22:42
Diplomacy & Relations,371,2026-05-24 21:40
Regional Conflicts,63,2026-05-24 21:40
Security & Terrorism,79,2026-05-24 21:40
Energy & Commodities,100,2026-05-24 21:40
Global Issues,48,2026-05-24 21:40
International Affairs,68,2026-05-24 21:40
Politics & Government,64,2026-05-24 21:40
Social Media & Public Opinion,77,2026-05-24 21:40
Nuclear & Security Affairs,28,2026-05-24 21:40
Military & Defense,77,2026-05-24 21:40
Security & Terrorism,77,2026-05-24 20:09
Energy & Commodities,95,2026-05-24 20:09
Social Media & Public Opinion,87,2026-05-24 20:09
Military & Defense,79,2026-05-24 20:09
Nuclear & Security Affairs,28,2026-05-24 20:09
Politics & Government,59,2026-05-24 20:09
Diplomacy & Relations,369,2026-05-24 20:09
Global Issues,47,2026-05-24 20:09
International Affairs,71,2026-05-24 20:09
Regional Conflicts,63,2026-05-24 20:09
Politics & Government,63,2026-05-24 18:49
Military & Defense,78,2026-05-24 18:49
Regional Conflicts,62,2026-05-24 18:49
Diplomacy & Relations,371,2026-05-24 18:49
Nuclear & Security Affairs,24,2026-05-24 18:49
Energy & Commodities,92,2026-05-24 18:49
Social Media & Public Opinion,89,2026-05-24 18:49
International Affairs,75,2026-05-24 18:49
Global Issues,47,2026-05-24 18:49
Security & Terrorism,74,2026-05-24 18:49
Social Media & Public Opinion,90,2026-05-24 17:08
Security & Terrorism,78,2026-05-24 17:08
Military & Defense,73,2026-05-24 17:08
Politics & Government,59,2026-05-24 17:08
Nuclear & Security Affairs,24,2026-05-24 17:08
Diplomacy & Relations,371,2026-05-24 17:08
Energy & Commodities,94,2026-05-24 17:08
Global Issues,49,2026-05-24 17:08
Regional Conflicts,62,2026-05-24 17:08
International Affairs,75,2026-05-24 17:08
Nuclear & Security Affairs,29,2026-05-24 15:49
Military & Defense,74,2026-05-24 15:49
Global Issues,46,2026-05-24 15:49
Social Media & Public Opinion,89,2026-05-24 15:49
Security & Terrorism,76,2026-05-24 15:49
Regional Conflicts,63,2026-05-24 15:49
Politics & Government,55,2026-05-24 15:49
Diplomacy & Relations,369,2026-05-24 15:49
International Affairs,82,2026-05-24 15:49
Energy & Commodities,92,2026-05-24 15:49
Global Issues,45,2026-05-24 14:27
Energy & Commodities,89,2026-05-24 14:27
Nuclear & Security Affairs,28,2026-05-24 14:27
Politics & Government,57,2026-05-24 14:27
Security & Terrorism,71,2026-05-24 14:27
Diplomacy & Relations,376,2026-05-24 14:27
Military & Defense,73,2026-05-24 14:27
Social Media & Public Opinion,88,2026-05-24 14:27
Regional Conflicts,64,2026-05-24 14:27
International Affairs,84,2026-05-24 14:27
Social Media & Public Opinion,90,2026-05-24 12:48
Nuclear & Security Affairs,28,2026-05-24 12:48
Military & Defense,70,2026-05-24 12:48
Global Issues,45,2026-05-24 12:48
Politics & Government,56,2026-05-24 12:48
International Affairs,81,2026-05-24 12:48
Diplomacy & Relations,374,2026-05-24 12:48
Regional Conflicts,64,2026-05-24 12:48
Security & Terrorism,73,2026-05-24 12:48
Energy & Commodities,94,2026-05-24 12:48
Social Media & Public Opinion,87,2026-05-24 11:03
Diplomacy & Relations,376,2026-05-24 11:03
Security & Terrorism,73,2026-05-24 11:03
Military & Defense,67,2026-05-24 11:03
Energy & Commodities,95,2026-05-24 11:03
Global Issues,46,2026-05-24 11:03
Politics & Government,61,2026-05-24 11:03
Nuclear & Security Affairs,27,2026-05-24 11:03
International Affairs,79,2026-05-24 11:03
Regional Conflicts,64,2026-05-24 11:03
Politics & Government,60,2026-05-24 09:10
Nuclear & Security Affairs,24,2026-05-24 09:10
Security & Terrorism,67,2026-05-24 09:10
Global Issues,43,2026-05-24 09:10
Regional Conflicts,67,2026-05-24 09:10
Military & Defense,67,2026-05-24 09:10
Energy & Commodities,98,2026-05-24 09:10
Diplomacy & Relations,390,2026-05-24 09:10
International Affairs,72,2026-05-24 09:10
Social Media & Public Opinion,87,2026-05-24 09:10
Security & Terrorism,67,2026-05-24 06:06
Social Media & Public Opinion,88,2026-05-24 06:06
Nuclear & Security Affairs,24,2026-05-24 06:06
Politics & Government,57,2026-05-24 06:06
Regional Conflicts,66,2026-05-24 06:06
Energy & Commodities,98,2026-05-24 06:06
International Affairs,73,2026-05-24 06:06
Global Issues,45,2026-05-24 06:06
Military & Defense,65,2026-05-24 06:06
Diplomacy & Relations,392,2026-05-24 06:06
Social Media & Public Opinion,91,2026-05-24 01:49
Politics & Government,59,2026-05-24 01:49
International Affairs,72,2026-05-24 01:49
Diplomacy & Relations,395,2026-05-24 01:49
Global Issues,49,2026-05-24 01:49
Security & Terrorism,61,2026-05-24 01:49
Military & Defense,65,2026-05-24 01:49
Regional Conflicts,60,2026-05-24 01:49
Nuclear & Security Affairs,26,2026-05-24 01:49
Energy & Commodities,97,2026-05-24 01:49
Social Media & Public Opinion,94,2026-05-23 23:43
Military & Defense,63,2026-05-23 23:43
Diplomacy & Relations,389,2026-05-23 23:43
Security & Terrorism,67,2026-05-23 23:43
Global Issues,45,2026-05-23 23:43
International Affairs,74,2026-05-23 23:43
Nuclear & Security Affairs,25,2026-05-23 23:43
Regional Conflicts,63,2026-05-23 23:43
Energy & Commodities,94,2026-05-23 23:43
Politics & Government,61,2026-05-23 23:43
Diplomacy & Relations,378,2026-05-23 22:38
Global Issues,49,2026-05-23 22:38
Regional Conflicts,63,2026-05-23 22:38
International Affairs,73,2026-05-23 22:38
Security & Terrorism,66,2026-05-23 22:38
Social Media & Public Opinion,95,2026-05-23 22:38
Energy & Commodities,96,2026-05-23 22:38
Military & Defense,65,2026-05-23 22:38
Nuclear & Security Affairs,27,2026-05-23 22:38
Politics & Government,63,2026-05-23 22:38
Regional Conflicts,67,2026-05-23 21:39
Nuclear & Security Affairs,27,2026-05-23 21:39
Security & Terrorism,68,2026-05-23 21:39
Global Issues,49,2026-05-23 21:39
Energy & Commodities,96,2026-05-23 21:39
Military & Defense,64,2026-05-23 21:39
Politics & Government,59,2026-05-23 21:39
Social Media & Public Opinion,94,2026-05-23 21:39
International Affairs,78,2026-05-23 21:39
Diplomacy & Relations,373,2026-05-23 21:39
International Affairs,77,2026-05-23 20:33
Energy & Commodities,99,2026-05-23 20:33
Security & Terrorism,66,2026-05-23 20:33
Nuclear & Security Affairs,27,2026-05-23 20:33
Diplomacy & Relations,374,2026-05-23 20:33
Politics & Government,60,2026-05-23 20:33
Global Issues,50,2026-05-23 20:33
Regional Conflicts,66,2026-05-23 20:33
Military & Defense,64,2026-05-23 20:33
Social Media & Public Opinion,92,2026-05-23 20:33
Diplomacy & Relations,375,2026-05-23 19:18
Global Issues,50,2026-05-23 19:18
Regional Conflicts,64,2026-05-23 19:18
Energy & Commodities,103,2026-05-23 19:18
International Affairs,75,2026-05-23 19:18
Military & Defense,66,2026-05-23 19:18
Nuclear & Security Affairs,25,2026-05-23 19:18
Politics & Government,60,2026-05-23 19:18
Social Media & Public Opinion,90,2026-05-23 19:18
Security & Terrorism,67,2026-05-23 19:18
Regional Conflicts,64,2026-05-23 17:46
Diplomacy & Relations,372,2026-05-23 17:46
Security & Terrorism,65,2026-05-23 17:46
International Affairs,78,2026-05-23 17:46
Energy & Commodities,101,2026-05-23 17:46
Politics & Government,59,2026-05-23 17:46
Global Issues,52,2026-05-23 17:46
Nuclear & Security Affairs,26,2026-05-23 17:46
Social Media & Public Opinion,91,2026-05-23 17:46
Military & Defense,67,2026-05-23 17:46
Regional Conflicts,64,2026-05-23 16:42
International Affairs,78,2026-05-23 16:42
Energy & Commodities,100,2026-05-23 16:42
Security & Terrorism,67,2026-05-23 16:42
Politics & Government,53,2026-05-23 16:42
Diplomacy & Relations,379,2026-05-23 16:42
Social Media & Public Opinion,91,2026-05-23 16:42
Nuclear & Security Affairs,25,2026-05-23 16:42
Global Issues,51,2026-05-23 16:42
Military & Defense,67,2026-05-23 16:42
Security & Terrorism,67,2026-05-23 15:05
Military & Defense,71,2026-05-23 15:05
Social Media & Public Opinion,87,2026-05-23 15:05
Diplomacy & Relations,377,2026-05-23 15:05
International Affairs,81,2026-05-23 15:05
Global Issues,52,2026-05-23 15:05
Energy & Commodities,99,2026-05-23 15:05
Politics & Government,59,2026-05-23 15:05
Nuclear & Security Affairs,22,2026-05-23 15:05
Regional Conflicts,60,2026-05-23 15:05
Social Media & Public Opinion,84,2026-05-23 13:46
Global Issues,54,2026-05-23 13:46
Military & Defense,68,2026-05-23 13:46
Regional Conflicts,61,2026-05-23 13:46
Politics & Government,55,2026-05-23 13:46
International Affairs,82,2026-05-23 13:46
Security & Terrorism,71,2026-05-23 13:46
Nuclear & Security Affairs,24,2026-05-23 13:46
Energy & Commodities,96,2026-05-23 13:46
Diplomacy & Relations,380,2026-05-23 13:46
Social Media & Public Opinion,83,2026-05-23 11:47
Security & Terrorism,67,2026-05-23 11:47
Energy & Commodities,93,2026-05-23 11:47
Global Issues,57,2026-05-23 11:47
Regional Conflicts,56,2026-05-23 11:47
International Affairs,82,2026-05-23 11:47
Politics & Government,51,2026-05-23 11:47
Nuclear & Security Affairs,24,2026-05-23 11:47
Diplomacy & Relations,391,2026-05-23 11:47
Military & Defense,71,2026-05-23 11:47
Social Media & Public Opinion,86,2026-05-23 10:02
Diplomacy & Relations,393,2026-05-23 10:02
Nuclear & Security Affairs,25,2026-05-23 10:02
Politics & Government,52,2026-05-23 10:02
Global Issues,57,2026-05-23 10:02
Energy & Commodities,94,2026-05-23 10:02
Military & Defense,66,2026-05-23 10:02
Regional Conflicts,55,2026-05-23 10:02
International Affairs,82,2026-05-23 10:02
Security & Terrorism,65,2026-05-23 10:02
Regional Conflicts,52,2026-05-23 07:58
Security & Terrorism,64,2026-05-23 07:58
Nuclear & Security Affairs,27,2026-05-23 07:58
Global Issues,61,2026-05-23 07:58
Politics & Government,52,2026-05-23 07:58
International Affairs,80,2026-05-23 07:58
Social Media & Public Opinion,88,2026-05-23 07:58
Military & Defense,65,2026-05-23 07:58
Diplomacy & Relations,390,2026-05-23 07:58
Energy & Commodities,96,2026-05-23 07:58
Global Issues,60,2026-05-23 05:27
Social Media & Public Opinion,86,2026-05-23 05:27
Military & Defense,64,2026-05-23 05:27
International Affairs,76,2026-05-23 05:27
Diplomacy & Relations,397,2026-05-23 05:27
Politics & Government,53,2026-05-23 05:27
Security & Terrorism,64,2026-05-23 05:27
Energy & Commodities,96,2026-05-23 05:27
Nuclear & Security Affairs,28,2026-05-23 05:27
Regional Conflicts,51,2026-05-23 05:27
Nuclear & Security Affairs,32,2026-05-23 01:27
Regional Conflicts,48,2026-05-23 01:27
Global Issues,61,2026-05-23 01:27
Politics & Government,57,2026-05-23 01:27
International Affairs,76,2026-05-23 01:27
Diplomacy & Relations,401,2026-05-23 01:27
Security & Terrorism,60,2026-05-23 01:27
Military & Defense,62,2026-05-23 01:27
Energy & Commodities,94,2026-05-23 01:27
Social Media & Public Opinion,84,2026-05-23 01:27
Regional Conflicts,44,2026-05-22 23:06
Social Media & Public Opinion,81,2026-05-22 23:06
Military & Defense,65,2026-05-22 23:06
Diplomacy & Relations,404,2026-05-22 23:06
International Affairs,77,2026-05-22 23:06
Nuclear & Security Affairs,33,2026-05-22 23:06
Global Issues,57,2026-05-22 23:06
Security & Terrorism,59,2026-05-22 23:06
Energy & Commodities,95,2026-05-22 23:06
Politics & Government,60,2026-05-22 23:06
Energy & Commodities,95,2026-05-22 21:52
Nuclear & Security Affairs,35,2026-05-22 21:52
Regional Conflicts,46,2026-05-22 21:52
Security & Terrorism,61,2026-05-22 21:52
Global Issues,55,2026-05-22 21:52
Social Media & Public Opinion,79,2026-05-22 21:52
International Affairs,76,2026-05-22 21:52
Politics & Government,56,2026-05-22 21:52
Diplomacy & Relations,408,2026-05-22 21:52
Military & Defense,64,2026-05-22 21:52
Politics & Government,57,2026-05-22 20:45
Energy & Commodities,93,2026-05-22 20:45
Regional Conflicts,45,2026-05-22 20:45
Social Media & Public Opinion,83,2026-05-22 20:45
Nuclear & Security Affairs,32,2026-05-22 20:45
Global Issues,53,2026-05-22 20:45
Diplomacy & Relations,406,2026-05-22 20:45
International Affairs,75,2026-05-22 20:45
Security & Terrorism,66,2026-05-22 20:45
Military & Defense,65,2026-05-22 20:45
Global Issues,53,2026-05-22 19:00
Energy & Commodities,91,2026-05-22 19:00
International Affairs,75,2026-05-22 19:00
Social Media & Public Opinion,80,2026-05-22 19:00
Diplomacy & Relations,403,2026-05-22 19:00
Politics & Government,62,2026-05-22 19:00
Military & Defense,68,2026-05-22 19:00
Nuclear & Security Affairs,28,2026-05-22 19:00
Security & Terrorism,66,2026-05-22 19:00
Regional Conflicts,49,2026-05-22 19:00
Military & Defense,65,2026-05-22 16:58
Diplomacy & Relations,397,2026-05-22 16:58
Politics & Government,62,2026-05-22 16:58
Regional Conflicts,50,2026-05-22 16:58
Energy & Commodities,93,2026-05-22 16:58
Social Media & Public Opinion,83,2026-05-22 16:58
International Affairs,78,2026-05-22 16:58
Global Issues,53,2026-05-22 16:58
Nuclear & Security Affairs,29,2026-05-22 16:58
Security & Terrorism,65,2026-05-22 16:58
Energy & Commodities,93,2026-05-22 14:02
International Affairs,76,2026-05-22 14:02
Security & Terrorism,60,2026-05-22 14:02
Diplomacy & Relations,401,2026-05-22 14:02
Regional Conflicts,48,2026-05-22 14:02
Politics & Government,64,2026-05-22 14:02
Nuclear & Security Affairs,30,2026-05-22 14:02
Military & Defense,66,2026-05-22 14:02
Global Issues,52,2026-05-22 14:02
Social Media & Public Opinion,85,2026-05-22 14:02
Military & Defense,70,2026-05-22 11:33
Politics & Government,62,2026-05-22 11:33
Diplomacy & Relations,393,2026-05-22 11:33
Global Issues,47,2026-05-22 11:33
Regional Conflicts,54,2026-05-22 11:33
Nuclear & Security Affairs,34,2026-05-22 11:33
Security & Terrorism,60,2026-05-22 11:33
Social Media & Public Opinion,83,2026-05-22 11:33
International Affairs,74,2026-05-22 11:33
Energy & Commodities,98,2026-05-22 11:33
Nuclear & Security Affairs,33,2026-05-22 08:24
Diplomacy & Relations,386,2026-05-22 08:24
Military & Defense,73,2026-05-22 08:24
Regional Conflicts,60,2026-05-22 08:24
Global Issues,45,2026-05-22 08:24
Security & Terrorism,57,2026-05-22 08:24
Politics & Government,63,2026-05-22 08:24
Social Media & Public Opinion,79,2026-05-22 08:24
Energy & Commodities,105,2026-05-22 08:24
International Affairs,74,2026-05-22 08:24
Energy & Commodities,108,2026-05-22 04:50
Nuclear & Security Affairs,29,2026-05-22 04:50
International Affairs,75,2026-05-22 04:50
Regional Conflicts,61,2026-05-22 04:50
Military & Defense,72,2026-05-22 04:50
Diplomacy & Relations,384,2026-05-22 04:50
Politics & Government,67,2026-05-22 04:50
Global Issues,45,2026-05-22 04:50
Security & Terrorism,56,2026-05-22 04:50
Social Media & Public Opinion,78,2026-05-22 04:50
International Affairs,72,2026-05-22 00:08
Nuclear & Security Affairs,29,2026-05-22 00:08
Regional Conflicts,63,2026-05-22 00:08
Politics & Government,71,2026-05-22 00:08
Military & Defense,70,2026-05-22 00:08
Security & Terrorism,59,2026-05-22 00:08
Social Media & Public Opinion,82,2026-05-22 00:08
Global Issues,45,2026-05-22 00:08
Diplomacy & Relations,379,2026-05-22 00:08
Energy & Commodities,105,2026-05-22 00:08
Energy & Commodities,106,2026-05-21 22:55
International Affairs,71,2026-05-21 22:55
Social Media & Public Opinion,81,2026-05-21 22:55
Security & Terrorism,59,2026-05-21 22:55
Global Issues,45,2026-05-21 22:55
Politics & Government,70,2026-05-21 22:55
Nuclear & Security Affairs,30,2026-05-21 22:55
Military & Defense,71,2026-05-21 22:55
Diplomacy & Relations,377,2026-05-21 22:55
Regional Conflicts,65,2026-05-21 22:55
Global Issues,45,2026-05-21 21:44
Social Media & Public Opinion,82,2026-05-21 21:44
Energy & Commodities,103,2026-05-21 21:44
International Affairs,71,2026-05-21 21:44
Diplomacy & Relations,381,2026-05-21 21:44
Security & Terrorism,58,2026-05-21 21:44
Regional Conflicts,62,2026-05-21 21:44
Politics & Government,69,2026-05-21 21:44
Nuclear & Security Affairs,34,2026-05-21 21:44
Military & Defense,70,2026-05-21 21:44
Nuclear & Security Affairs,34,2026-05-21 19:59
Politics & Government,63,2026-05-21 19:59
Global Issues,47,2026-05-21 19:59
Diplomacy & Relations,381,2026-05-21 19:59
Energy & Commodities,104,2026-05-21 19:59
Social Media & Public Opinion,83,2026-05-21 19:59
Military & Defense,74,2026-05-21 19:59
Security & Terrorism,59,2026-05-21 19:59
Regional Conflicts,63,2026-05-21 19:59
International Affairs,67,2026-05-21 19:59
Regional Conflicts,64,2026-05-21 17:47
Military & Defense,76,2026-05-21 17:47
Social Media & Public Opinion,79,2026-05-21 17:47
International Affairs,63,2026-05-21 17:47
Energy & Commodities,104,2026-05-21 17:47
Global Issues,45,2026-05-21 17:47
Security & Terrorism,62,2026-05-21 17:47
Politics & Government,68,2026-05-21 17:47
Nuclear & Security Affairs,31,2026-05-21 17:47
Diplomacy & Relations,383,2026-05-21 17:47
Social Media & Public Opinion,79,2026-05-21 15:38
Diplomacy & Relations,392,2026-05-21 15:38
Security & Terrorism,59,2026-05-21 15:38
Nuclear & Security Affairs,30,2026-05-21 15:38
Energy & Commodities,103,2026-05-21 15:38
Regional Conflicts,62,2026-05-21 15:38
Politics & Government,67,2026-05-21 15:38
Military & Defense,74,2026-05-21 15:38
International Affairs,63,2026-05-21 15:38
Global Issues,46,2026-05-21 15:38
Military & Defense,73,2026-05-21 11:55
Social Media & Public Opinion,86,2026-05-21 11:55
Global Issues,46,2026-05-21 11:55
Diplomacy & Relations,391,2026-05-21 11:55
Regional Conflicts,60,2026-05-21 11:55
Energy & Commodities,97,2026-05-21 11:55
International Affairs,69,2026-05-21 11:55
Nuclear & Security Affairs,32,2026-05-21 11:55
Politics & Government,62,2026-05-21 11:55
Security & Terrorism,59,2026-05-21 11:55
Energy & Commodities,99,2026-05-21 08:22
International Affairs,70,2026-05-21 08:22
Diplomacy & Relations,378,2026-05-21 08:22
Politics & Government,59,2026-05-21 08:22
Global Issues,46,2026-05-21 08:22
Military & Defense,78,2026-05-21 08:22
Nuclear & Security Affairs,32,2026-05-21 08:22
Social Media & Public Opinion,87,2026-05-21 08:22
Security & Terrorism,63,2026-05-21 08:22
Regional Conflicts,63,2026-05-21 08:22
Global Issues,41,2026-05-21 04:08
Security & Terrorism,64,2026-05-21 04:08
Social Media & Public Opinion,81,2026-05-21 04:08
Diplomacy & Relations,369,2026-05-21 04:08
Politics & Government,65,2026-05-21 04:08
Regional Conflicts,65,2026-05-21 04:08
International Affairs,75,2026-05-21 04:08
Military & Defense,78,2026-05-21 04:08
Energy & Commodities,104,2026-05-21 04:08
Nuclear & Security Affairs,33,2026-05-21 04:08
Military & Defense,75,2026-05-20 23:55
Regional Conflicts,64,2026-05-20 23:55
Social Media & Public Opinion,74,2026-05-20 23:55
Nuclear & Security Affairs,32,2026-05-20 23:55
International Affairs,76,2026-05-20 23:55
Politics & Government,70,2026-05-20 23:55
Global Issues,45,2026-05-20 23:55
Diplomacy & Relations,366,2026-05-20 23:55
Security & Terrorism,66,2026-05-20 23:55
Energy & Commodities,107,2026-05-20 23:55
Military & Defense,76,2026-05-20 22:17
Energy & Commodities,107,2026-05-20 22:17
Global Issues,43,2026-05-20 22:17
International Affairs,77,2026-05-20 22:17
Regional Conflicts,61,2026-05-20 22:17
Security & Terrorism,67,2026-05-20 22:17
Politics & Government,72,2026-05-20 22:17
Diplomacy & Relations,370,2026-05-20 22:17
Nuclear & Security Affairs,32,2026-05-20 22:17
Social Media & Public Opinion,70,2026-05-20 22:17
Social Media & Public Opinion,67,2026-05-20 20:23
Security & Terrorism,70,2026-05-20 20:23
Nuclear & Security Affairs,30,2026-05-20 20:23
Energy & Commodities,107,2026-05-20 20:23
International Affairs,82,2026-05-20 20:23
Diplomacy & Relations,369,2026-05-20 20:23
Regional Conflicts,63,2026-05-20 20:23
Global Issues,42,2026-05-20 20:23
Military & Defense,77,2026-05-20 20:23
Politics & Government,68,2026-05-20 20:23
Security & Terrorism,67,2026-05-20 17:45
Diplomacy & Relations,372,2026-05-20 17:45
Military & Defense,71,2026-05-20 17:45
Social Media & Public Opinion,70,2026-05-20 17:45
Energy & Commodities,110,2026-05-20 17:45
International Affairs,86,2026-05-20 17:45
Global Issues,38,2026-05-20 17:45
Politics & Government,66,2026-05-20 17:45
Regional Conflicts,66,2026-05-20 17:45
Nuclear & Security Affairs,29,2026-05-20 17:45
Energy & Commodities,110,2026-05-20 14:19
International Affairs,87,2026-05-20 14:19
Global Issues,38,2026-05-20 14:19
Diplomacy & Relations,373,2026-05-20 14:19
Politics & Government,61,2026-05-20 14:19
Security & Terrorism,59,2026-05-20 14:19
Nuclear & Security Affairs,27,2026-05-20 14:19
Social Media & Public Opinion,69,2026-05-20 14:19
Military & Defense,77,2026-05-20 14:19
Regional Conflicts,74,2026-05-20 14:19
Military & Defense,74,2026-05-20 11:35
Security & Terrorism,63,2026-05-20 11:35
Politics & Government,60,2026-05-20 11:35
Social Media & Public Opinion,68,2026-05-20 11:35
Diplomacy & Relations,378,2026-05-20 11:35
Global Issues,38,2026-05-20 11:35
Regional Conflicts,69,2026-05-20 11:35
Energy & Commodities,110,2026-05-20 11:35
International Affairs,86,2026-05-20 11:35
Nuclear & Security Affairs,29,2026-05-20 11:35
Security & Terrorism,65,2026-05-20 08:29
International Affairs,91,2026-05-20 08:29
Diplomacy & Relations,359,2026-05-20 08:29
Military & Defense,77,2026-05-20 08:29
Social Media & Public Opinion,71,2026-05-20 08:29
Nuclear & Security Affairs,31,2026-05-20 08:29
Politics & Government,64,2026-05-20 08:29
Global Issues,39,2026-05-20 08:29
Regional Conflicts,68,2026-05-20 08:29
Energy & Commodities,110,2026-05-20 08:29
Global Issues,41,2026-05-20 04:54
International Affairs,86,2026-05-20 04:54
Social Media & Public Opinion,68,2026-05-20 04:54
Nuclear & Security Affairs,36,2026-05-20 04:54
Diplomacy & Relations,366,2026-05-20 04:54
Energy & Commodities,105,2026-05-20 04:54
Regional Conflicts,71,2026-05-20 04:54
Military & Defense,71,2026-05-20 04:54
Security & Terrorism,65,2026-05-20 04:54
Politics & Government,66,2026-05-20 04:54
Regional Conflicts,67,2026-05-20 00:11
Social Media & Public Opinion,69,2026-05-20 00:11
Energy & Commodities,112,2026-05-20 00:11
Nuclear & Security Affairs,36,2026-05-20 00:11
Politics & Government,65,2026-05-20 00:11
Security & Terrorism,59,2026-05-20 00:11
Military & Defense,69,2026-05-20 00:11
International Affairs,85,2026-05-20 00:11
Diplomacy & Relations,374,2026-05-20 00:11
Global Issues,39,2026-05-20 00:11
Politics & Government,66,2026-05-19 22:50
Energy & Commodities,113,2026-05-19 22:50
Military & Defense,70,2026-05-19 22:50
Social Media & Public Opinion,64,2026-05-19 22:50
International Affairs,85,2026-05-19 22:50
Security & Terrorism,58,2026-05-19 22:50
Regional Conflicts,65,2026-05-19 22:50
Nuclear & Security Affairs,37,2026-05-19 22:50
Diplomacy & Relations,378,2026-05-19 22:50
Global Issues,39,2026-05-19 22:50
Energy & Commodities,115,2026-05-19 21:08
Social Media & Public Opinion,61,2026-05-19 21:08
Global Issues,41,2026-05-19 21:08
Nuclear & Security Affairs,38,2026-05-19 21:08
Military & Defense,70,2026-05-19 21:08
Security & Terrorism,59,2026-05-19 21:08
International Affairs,90,2026-05-19 21:08
Diplomacy & Relations,372,2026-05-19 21:08
Politics & Government,64,2026-05-19 21:08
Regional Conflicts,65,2026-05-19 21:08
Politics & Government,63,2026-05-19 19:29
Security & Terrorism,55,2026-05-19 19:29
International Affairs,88,2026-05-19 19:29
Nuclear & Security Affairs,39,2026-05-19 19:29
Energy & Commodities,107,2026-05-19 19:29
Military & Defense,74,2026-05-19 19:29
Global Issues,38,2026-05-19 19:29
Diplomacy & Relations,384,2026-05-19 19:29
Social Media & Public Opinion,66,2026-05-19 19:29
Regional Conflicts,61,2026-05-19 19:29
Politics & Government,62,2026-05-19 17:31
Social Media & Public Opinion,63,2026-05-19 17:31
Diplomacy & Relations,386,2026-05-19 17:31
Nuclear & Security Affairs,37,2026-05-19 17:31
Global Issues,43,2026-05-19 17:31
International Affairs,81,2026-05-19 17:31
Regional Conflicts,64,2026-05-19 17:31
Military & Defense,77,2026-05-19 17:31
Energy & Commodities,110,2026-05-19 17:31
Security & Terrorism,52,2026-05-19 17:31
Military & Defense,74,2026-05-19 15:03
Diplomacy & Relations,393,2026-05-19 15:03
Social Media & Public Opinion,61,2026-05-19 15:03
Energy & Commodities,109,2026-05-19 15:03
Nuclear & Security Affairs,36,2026-05-19 15:03
Politics & Government,66,2026-05-19 15:03
Security & Terrorism,51,2026-05-19 15:03
International Affairs,83,2026-05-19 15:03
Global Issues,43,2026-05-19 15:03
Regional Conflicts,59,2026-05-19 15:03
Diplomacy & Relations,391,2026-05-19 14:18
International Affairs,85,2026-05-19 14:18
Social Media & Public Opinion,64,2026-05-19 14:18
Global Issues,41,2026-05-19 14:18
Energy & Commodities,105,2026-05-19 14:18
Security & Terrorism,53,2026-05-19 14:18
Military & Defense,72,2026-05-19 14:18
Politics & Government,66,2026-05-19 14:18
Nuclear & Security Affairs,36,2026-05-19 14:18
Regional Conflicts,62,2026-05-19 14:18
Global Issues,42,2026-05-19 11:25
Politics & Government,62,2026-05-19 11:25
Military & Defense,77,2026-05-19 11:25
Social Media & Public Opinion,70,2026-05-19 11:25
International Affairs,84,2026-05-19 11:25
Nuclear & Security Affairs,31,2026-05-19 11:25
Diplomacy & Relations,387,2026-05-19 11:25
Security & Terrorism,56,2026-05-19 11:25
Energy & Commodities,105,2026-05-19 11:25
Regional Conflicts,61,2026-05-19 11:25
Nuclear & Security Affairs,34,2026-05-19 09:50
Military & Defense,76,2026-05-19 09:50
Regional Conflicts,62,2026-05-19 09:50
Energy & Commodities,104,2026-05-19 09:50
Diplomacy & Relations,389,2026-05-19 09:50
Global Issues,44,2026-05-19 09:50
Social Media & Public Opinion,64,2026-05-19 09:50
International Affairs,80,2026-05-19 09:50
Politics & Government,65,2026-05-19 09:50
Security & Terrorism,57,2026-05-19 09:50
Politics & Government,67,2026-05-19 07:54
Security & Terrorism,62,2026-05-19 07:54
Military & Defense,78,2026-05-19 07:54
International Affairs,77,2026-05-19 07:54
Social Media & Public Opinion,68,2026-05-19 07:54
Global Issues,44,2026-05-19 07:54
Energy & Commodities,102,2026-05-19 07:54
Diplomacy & Relations,380,2026-05-19 07:54
Regional Conflicts,65,2026-05-19 07:54
Nuclear & Security Affairs,32,2026-05-19 07:54
International Affairs,74,2026-05-19 03:58
Politics & Government,67,2026-05-19 03:58
Global Issues,45,2026-05-19 03:58
Military & Defense,77,2026-05-19 03:58
Regional Conflicts,67,2026-05-19 03:58
Social Media & Public Opinion,71,2026-05-19 03:58
Diplomacy & Relations,375,2026-05-19 03:58
Energy & Commodities,100,2026-05-19 03:58
Security & Terrorism,67,2026-05-19 03:58
Nuclear & Security Affairs,32,2026-05-19 03:58
Military & Defense,75,2026-05-18 23:48
Regional Conflicts,67,2026-05-18 23:48
Security & Terrorism,66,2026-05-18 23:48
Nuclear & Security Affairs,31,2026-05-18 23:48
International Affairs,75,2026-05-18 23:48
Diplomacy & Relations,367,2026-05-18 23:48
Social Media & Public Opinion,77,2026-05-18 23:48
Energy & Commodities,103,2026-05-18 23:48
Global Issues,42,2026-05-18 23:48
Politics & Government,72,2026-05-18 23:48
Energy & Commodities,101,2026-05-18 22:09
Military & Defense,77,2026-05-18 22:09
Politics & Government,72,2026-05-18 22:09
Nuclear & Security Affairs,32,2026-05-18 22:09
International Affairs,73,2026-05-18 22:09
Global Issues,42,2026-05-18 22:09
Social Media & Public Opinion,76,2026-05-18 22:09
Regional Conflicts,69,2026-05-18 22:09
Security & Terrorism,67,2026-05-18 22:09
Diplomacy & Relations,366,2026-05-18 22:09
Global Issues,41,2026-05-18 20:58
International Affairs,73,2026-05-18 20:58
Military & Defense,76,2026-05-18 20:58
Politics & Government,77,2026-05-18 20:58
Energy & Commodities,101,2026-05-18 20:58
Regional Conflicts,72,2026-05-18 20:58
Diplomacy & Relations,361,2026-05-18 20:58
Nuclear & Security Affairs,31,2026-05-18 20:58
Security & Terrorism,67,2026-05-18 20:58
Social Media & Public Opinion,76,2026-05-18 20:58
Security & Terrorism,56,2026-05-18 19:17
Regional Conflicts,65,2026-05-18 19:17
Diplomacy & Relations,294,2026-05-18 19:17
Social Media & Public Opinion,63,2026-05-18 19:17
Energy & Commodities,84,2026-05-18 19:17
Politics & Government,68,2026-05-18 19:17
International Affairs,69,2026-05-18 19:17
Military & Defense,62,2026-05-18 19:17
Global Issues,38,2026-05-18 19:17
Nuclear & Security Affairs,26,2026-05-18 19:17
Diplomacy & Relations,364,2026-05-18 17:21
Regional Conflicts,73,2026-05-18 17:21
Military & Defense,79,2026-05-18 17:21
Politics & Government,78,2026-05-18 17:21
Nuclear & Security Affairs,22,2026-05-18 17:21
Security & Terrorism,68,2026-05-18 17:21
Global Issues,47,2026-05-18 17:21
Social Media & Public Opinion,70,2026-05-18 17:21
International Affairs,72,2026-05-18 17:21
Energy & Commodities,102,2026-05-18 17:21
Energy & Commodities,113,2026-05-18 14:33
Diplomacy & Relations,375,2026-05-18 14:33
International Affairs,66,2026-05-18 14:33
Global Issues,45,2026-05-18 14:33
Security & Terrorism,67,2026-05-18 14:33
Regional Conflicts,75,2026-05-18 14:33
Nuclear & Security Affairs,24,2026-05-18 14:33
Military & Defense,80,2026-05-18 14:33
Social Media & Public Opinion,66,2026-05-18 14:33
Politics & Government,64,2026-05-18 14:33
Regional Conflicts,69,2026-05-18 10:50
Security & Terrorism,57,2026-05-18 10:50
Social Media & Public Opinion,65,2026-05-18 10:50
Energy & Commodities,114,2026-05-18 10:50
Nuclear & Security Affairs,32,2026-05-18 10:50
Military & Defense,82,2026-05-18 10:50
Global Issues,48,2026-05-18 10:50
International Affairs,64,2026-05-18 10:50
Diplomacy & Relations,382,2026-05-18 10:50
Politics & Government,62,2026-05-18 10:50
Global Issues,45,2026-05-18 10:31
Military & Defense,79,2026-05-18 10:31
Diplomacy & Relations,383,2026-05-18 10:31
Social Media & Public Opinion,66,2026-05-18 10:31
Energy & Commodities,115,2026-05-18 10:31
Regional Conflicts,71,2026-05-18 10:31
Politics & Government,61,2026-05-18 10:31
Security & Terrorism,59,2026-05-18 10:31
Nuclear & Security Affairs,34,2026-05-18 10:31
International Affairs,62,2026-05-18 10:31
Regional Conflicts,67,2026-05-18 06:19
Diplomacy & Relations,375,2026-05-18 06:19
Politics & Government,66,2026-05-18 06:19
Nuclear & Security Affairs,35,2026-05-18 06:19
Security & Terrorism,54,2026-05-18 06:19
Energy & Commodities,118,2026-05-18 06:19
Global Issues,45,2026-05-18 06:19
International Affairs,66,2026-05-18 06:19
Military & Defense,83,2026-05-18 06:19
Social Media & Public Opinion,66,2026-05-18 06:19
International Affairs,61,2026-05-18 01:52
Security & Terrorism,55,2026-05-18 01:52
Global Issues,44,2026-05-18 01:52
Politics & Government,67,2026-05-18 01:52
Social Media & Public Opinion,66,2026-05-18 01:52
Energy & Commodities,114,2026-05-18 01:52
Diplomacy & Relations,377,2026-05-18 01:52
Regional Conflicts,70,2026-05-18 01:52
Military & Defense,84,2026-05-18 01:52
Nuclear & Security Affairs,37,2026-05-18 01:52
Nuclear & Security Affairs,36,2026-05-17 23:43
Diplomacy & Relations,372,2026-05-17 23:43
Social Media & Public Opinion,69,2026-05-17 23:43
International Affairs,63,2026-05-17 23:43
Regional Conflicts,72,2026-05-17 23:43
Security & Terrorism,55,2026-05-17 23:43
Energy & Commodities,114,2026-05-17 23:43
Global Issues,44,2026-05-17 23:43
Military & Defense,85,2026-05-17 23:43
Politics & Government,65,2026-05-17 23:43
International Affairs,63,2026-05-17 22:38
Security & Terrorism,58,2026-05-17 22:38
Social Media & Public Opinion,68,2026-05-17 22:38
Politics & Government,61,2026-05-17 22:38
Regional Conflicts,71,2026-05-17 22:38
Nuclear & Security Affairs,35,2026-05-17 22:38
Military & Defense,86,2026-05-17 22:38
Global Issues,44,2026-05-17 22:38
Energy & Commodities,114,2026-05-17 22:38
Diplomacy & Relations,375,2026-05-17 22:38
Politics & Government,60,2026-05-17 21:40
Security & Terrorism,58,2026-05-17 21:40
International Affairs,62,2026-05-17 21:40
Regional Conflicts,73,2026-05-17 21:40
Military & Defense,85,2026-05-17 21:40
Global Issues,44,2026-05-17 21:40
Energy & Commodities,114,2026-05-17 21:40
Nuclear & Security Affairs,37,2026-05-17 21:40
Diplomacy & Relations,373,2026-05-17 21:40
Social Media & Public Opinion,69,2026-05-17 21:40
Energy & Commodities,114,2026-05-17 20:06
Diplomacy & Relations,374,2026-05-17 20:06
Global Issues,44,2026-05-17 20:06
Social Media & Public Opinion,69,2026-05-17 20:06
International Affairs,62,2026-05-17 20:06
Military & Defense,87,2026-05-17 20:06
Politics & Government,58,2026-05-17 20:06
Nuclear & Security Affairs,36,2026-05-17 20:06
Security & Terrorism,60,2026-05-17 20:06
Regional Conflicts,71,2026-05-17 20:06
Security & Terrorism,60,2026-05-17 20:01
Military & Defense,86,2026-05-17 20:01
Nuclear & Security Affairs,37,2026-05-17 20:01
Politics & Government,57,2026-05-17 20:01
Global Issues,44,2026-05-17 20:01
International Affairs,62,2026-05-17 20:01
Social Media & Public Opinion,69,2026-05-17 20:01
Diplomacy & Relations,372,2026-05-17 20:01
Energy & Commodities,117,2026-05-17 20:01
Regional Conflicts,71,2026-05-17 20:01
Diplomacy & Relations,372,2026-05-17 19:54
Security & Terrorism,61,2026-05-17 19:54
Military & Defense,86,2026-05-17 19:54
Politics & Government,56,2026-05-17 19:54
International Affairs,62,2026-05-17 19:54
Nuclear & Security Affairs,36,2026-05-17 19:54
Global Issues,45,2026-05-17 19:54
Social Media & Public Opinion,69,2026-05-17 19:54
Regional Conflicts,71,2026-05-17 19:54
Energy & Commodities,117,2026-05-17 19:54
Social Media & Public Opinion,73,2026-05-17 18:40
Security & Terrorism,62,2026-05-17 18:40
Military & Defense,86,2026-05-17 18:40
Nuclear & Security Affairs,36,2026-05-17 18:40
International Affairs,59,2026-05-17 18:40
Regional Conflicts,71,2026-05-17 18:40
Energy & Commodities,115,2026-05-17 18:40
Politics & Government,58,2026-05-17 18:40
Diplomacy & Relations,374,2026-05-17 18:40
Global Issues,41,2026-05-17 18:40
Military & Defense,86,2026-05-17 18:28
Security & Terrorism,63,2026-05-17 18:28
International Affairs,61,2026-05-17 18:28
Global Issues,40,2026-05-17 18:28
Energy & Commodities,116,2026-05-17 18:28
Nuclear & Security Affairs,35,2026-05-17 18:28
Politics & Government,58,2026-05-17 18:28
Diplomacy & Relations,371,2026-05-17 18:28
Social Media & Public Opinion,74,2026-05-17 18:28
Regional Conflicts,71,2026-05-17 18:28
Politics & Government,57,2026-05-17 18:05
Diplomacy & Relations,375,2026-05-17 18:05
Nuclear & Security Affairs,34,2026-05-17 18:05
Social Media & Public Opinion,70,2026-05-17 18:05
International Affairs,62,2026-05-17 18:05
Security & Terrorism,61,2026-05-17 18:05
Global Issues,40,2026-05-17 18:05
Energy & Commodities,117,2026-05-17 18:05
Military & Defense,87,2026-05-17 18:05
Regional Conflicts,72,2026-05-17 18:05
Global Issues,1,2026-05-17 17:44
Military & Defense,3,2026-05-17 17:44
Security & Terrorism,1,2026-05-17 17:44
Regional Conflicts,3,2026-05-17 17:44
International Affairs,5,2026-05-17 17:44
Social Media & Public Opinion,1,2026-05-17 17:44
Diplomacy & Relations,11,2026-05-17 17:44
